Country,,1949,1950,1951,1952,1953,1954,1955,1956,1957,1958,1959,1960,1961,1962,1963,1964,1965,1966,1967,1968,1969,1970,1971,1972,1973,1974,1975,1976,1977,1978,1979,1980,1981,1982,1983,1984,1985,1986,1987,1988,1989,1990,1991,1992,1993,1994,1995,1996,1997,1998,1999,2000,2001,2002,2003,2004,2005,2006,2007,2008,2009,2010,2011,2012,2013,2014,2015,2016,2017,2018,2019,2020,2021,2022,2023
Algeria,,,,,,,,,,,,,,,,,,,,,,243.7,227.7,223.2,216.1,223.9,429.2,478.4,666.7,581.8,630.2,623.4,709.0,630.2,727.6,731.3,686.8,643.4,633.1,645.4,638.7,624.3,666.9,682.7,1142.4,1228.4,1494.4,1447.9,1648.6,1982.9,2097.1,2213.2,2568.2,2810.9,2872.4,2810.5,3196.8,3346.7,3430.5,4024.9,4689.6,5093.4,5390.3,7714.5,8117.9,8768.7,10098.6,10565.0,10596.6,10035.5,9624.5,10383.2,10141.1,9455.1,9145.8,16052.1
Libya,,,,,,,,,,,,,,,,,62.0,75.5,135.2,171.2,204.7,279.5,500.1,516.1,398.5,495.3,658.1,402.1,432.2,597.8,703.2,875.1,1003.5,468.3,540.5,,,,,,,,,,,,,,,526.5,593.8,458.5,490.8,480.1,617.1,768.0,1002.9,987.9,869.3,818.1,1236.4,,,,2682.7,3498.0,3236.5,,,,,,,,,
Morocco,,,,,,,,,111.7,162.9,216.8,252.7,252.1,287.5,305.2,401.6,360.8,314.7,341.9,356.7,458.8,416.6,430.5,516.2,571.0,648.9,764.7,1122.9,1576.2,1807.5,1609.9,1613.6,1857.1,1892.8,1961.3,1427.4,1283.0,1838.1,1609.2,1610.1,1737.6,1879.0,1845.2,1937.8,1922.4,2028.2,2082.2,1917.7,1912.6,2003.1,2027.0,1433.4,1578.4,2351.4,2237.2,2369.7,2303.2,2390.2,2413.0,2485.0,2771.8,2960.5,3168.3,3191.4,3421.0,3908.3,3875.2,3577.9,3599.7,3705.6,3731.5,3809.7,4883.2,5026.0,4995.0,4868.7
Tunisia,,,,,,,,,,,,,,70.0,53.4,53.6,64.6,50.7,53.2,57.0,63.9,61.0,77.9,80.9,91.4,89.8,91.0,129.3,149.3,197.5,219.6,210.5,224.3,296.1,447.4,550.6,376.4,326.3,280.1,253.9,293.8,303.2,278.8,285.1,286.6,298.2,308.7,313.6,360.6,356.2,363.3,359.6,375.8,390.5,386.7,402.3,409.6,440.7,464.8,428.9,466.3,480.9,498.9,595.2,601.2,661.9,790.8,943.4,1004.5,932.6,936.3,1151.4,1205.7,1210.4,1156.2,1113.5
Angola,,,,,,,,,,,,,,,,,,,,,,,,,,,,,,,,,,,,,,,,,321.9,413.1,359.6,215.2,188.2,3014.0,13094.7,1412.7,1058.2,1696.1,523.1,6685.7,3096.9,1866.2,1912.9,2526.1,2404.5,3406.7,4001.6,3509.7,4751.2,4622.8,4946.7,4631.7,4861.0,6639.4,7085.0,4170.6,3332.0,2882.8,2376.8,2171.8,1901.1,1619.9,1622.8,1639.7
Benin,,,,,,,,,,,,,,,,,,,,,,,15.8,15.8,17.3,18.8,17.7,16.9,14.7,19.5,13.9,24.7,29.7,27.6,30.9,40.9,50.9,48.2,49.1,58.5,58.2,48.2,46.8,,,,,,,,,29.0,26.2,23.5,43.1,47.1,51.3,52.0,52.0,,56.4,,,,68.7,72.8,79.2,92.4,81.7,115.6,84.8,68.0,68.3,87.8,110.0,130.5
Botswana,,,,,,,,,,,,,,,,,,,,,,,,,,,,,,16.3,37.3,56.0,61.4,55.6,46.5,46.6,54.2,59.1,86.7,151.8,193.7,209.8,264.3,283.3,262.9,275.5,253.5,230.5,212.8,245.5,300.5,285.8,316.3,386.9,412.4,397.8,367.9,333.4,328.3,362.0,387.5,373.4,350.1,338.5,315.6,308.0,356.3,432.2,606.6,566.9,515.4,546.1,552.5,537.2,485.1,521.6
Burkina Faso,,,,,,,,,,,,,6.1,6.7,19.5,19.9,19.8,13.1,14.3,14.1,14.5,14.9,16.2,16.4,17.6,17.7,18.2,39.3,51.7,47.9,57.5,46.6,45.6,52.2,54.6,52.3,52.6,50.8,75.9,67.1,71.9,90.5,98.1,81.9,80.2,72.6,56.9,57.9,56.4,65.3,64.3,71.7,73.1,72.0,77.2,75.4,89.1,94.0,89.5,122.1,111.9,125.1,128.5,133.7,148.3,160.5,171.7,170.3,171.7,213.3,318.2,405.9,418.0,465.8,562.6,793.4
Burundi,,,,,,,,,,,,,,,,,,15.7,16.5,17.4,17.9,22.1,,16.8,22.2,31.5,34.7,33.3,39.9,54.6,53.8,46.2,62.4,60.1,69.4,62.1,61.0,63.7,63.7,57.2,69.2,77.5,81.7,83.7,86.0,85.1,89.1,74.2,85.9,92.7,99.5,104.2,89.7,118.9,114.0,115.8,112.5,107.8,90.1,90.5,75.5,,,,81.0,83.5,81.3,83.3,83.3,71.8,78.3,105.7,81.5,78.6,101.4,152.4
Cameroon,,,,,,,,,,,,,,,,,,,,,,,151.1,153.0,150.0,152.7,154.0,163.1,171.4,174.9,185.0,202.3,207.3,290.0,338.9,332.6,335.4,290.2,259.8,223.5,206.2,213.6,221.8,226.6,219.3,221.8,180.9,179.2,182.0,201.1,227.8,246.1,239.0,238.1,257.9,276.6,294.3,290.6,315.6,331.0,343.0,347.6,371.3,337.3,362.3,380.7,382.4,392.6,427.3,441.0,436.9,441.6,394.3,418.9,416.6,414.2
Cape Verde,,,,,,,,,,,,,,,,,,,,,,,,,,,,,,,,,,,,,11.1,10.5,10.8,10.5,10.3,,,,5.2,4.5,5.5,8.6,6.0,6.0,6.7,7.5,12.1,8.2,7.5,7.9,8.1,8.9,8.2,8.2,9.7,7.9,8.0,8.6,9.1,8.7,9.0,9.5,11.0,9.9,10.7,10.1,11.4,10.8,10.3,12.2
Central African Republic,,,,,,,,,,,,,,,,,,,,,,,,,,,,,,,,,,,,,,,,,,,,34.4,35.0,31.8,28.0,25.7,23.8,,,,,,26.3,29.6,27.7,27.4,,28.7,40.4,47.0,69.6,63.4,55.7,56.5,39.4,32.3,31.1,30.3,31.3,42.9,45.0,52.1,42.0,57.0
Chad,,,,,,,,,,,,,,,,,,,,,,,,,,,,,,,,,,,,81.4,79.0,73.0,83.4,54.1,105.5,85.0,44.5,,44.5,57.7,45.1,33.6,38.3,27.7,26.0,38.4,43.6,49.0,57.9,58.7,69.6,70.7,260.8,458.3,610.1,707.0,631.2,583.5,,675.6,359.1,231.8,328.3,233.6,245.0,241.8,312.7,311.4,331.7,338.7
"Congo, DR",,,,,,,,,,,,,,,,67.3,92.6,150.8,129.4,116.4,120.5,162.9,213.2,200.3,159.8,150.5,214.8,153.2,93.4,79.9,69.8,63.7,56.1,30.6,60.2,41.0,51.1,43.1,59.6,26.4,194.8,61.1,43.2,39.7,75.8,233.0,,,97.5,80.2,24.1,88.0,69.3,,,111.6,184.9,217.0,235.5,222.3,160.0,172.3,270.2,309.1,392.4,438.4,396.9,567.7,485.1,383.2,329.8,381.2,393.8,328.2,371.1,761.1
"Congo, Republic",,,,,,,,,,,,,,,,,,,,,,,57.7,58.0,44.9,58.5,74.0,78.3,83.2,,68.9,83.2,84.4,119.2,158.8,,134.6,150.5,,173.8,,,,,198.4,176.3,,,,,,,,112.2,132.8,147.8,173.8,136.7,159.5,189.1,208.1,,230.8,,,346.1,659.2,,528.8,386.3,284.0,300.7,288.6,286.9,265.8,267.8
Cote d'Ivoire,,,,,,,,,,,,,,,70.5,64.2,88.6,99.6,98.5,106.9,106.2,112.8,121.6,164.5,198.7,143.1,188.6,168.1,191.2,151.3,207.0,198.6,198.3,182.0,192.2,186.2,188.4,188.5,183.9,189.7,183.5,196.8,188.0,191.9,187.9,186.5,164.0,,157.5,157.4,,,,,,297.5,313.8,300.5,311.0,338.7,339.3,403.3,385.7,322.8,393.3,391.4,472.7,610.3,642.7,526.1,601.2,565.2,613.9,597.1,607.2,636.0
Djibouti,,,,,,,,,,,,,,,,,,,,,,,,,,,,,,,,,6.5,18.8,103.1,105.6,103.1,100.8,95.0,91.1,82.0,80.8,77.8,75.6,77.1,69.6,66.8,61.4,49.2,51.9,51.1,51.4,49.0,48.2,61.1,75.3,65.3,76.1,81.2,53.9,50.6,,,,,,,,,,,,,,,
Equatorial Guinea,,,,,,,,,,,,,,,,,,,,,,,,,,,,,,,,,,,,,,,,,,,,,,,7.6,8.2,,,,,,,,,,,,247.4,323.5,413.9,,,,,154.3,149.7,150.1,144.3,148.3,153.2,156.8,151.7,156.8,154.1
Eritrea,,,,,,,,,,,,,,,,,,,,,,,,,,,,,,,,,,,,,,,,,,,,,,842.0,605.4,949.6,1081.8,683.1,1905.2,2019.4,1680.3,1243.7,1188.8,1160.5,,,,,,,,,,,,,,,,,,,,
Ethiopia,,,,,,,,,,,,,,,,,,289.8,297.4,251.4,235.1,230.1,209.7,217.7,242.8,240.1,336.5,528.4,420.9,380.5,439.3,587.0,730.6,703.0,700.8,743.9,710.7,606.0,687.1,764.2,920.7,1085.4,1036.9,514.8,304.4,336.5,310.2,261.7,304.6,560.1,1197.6,1900.4,1714.1,1089.1,905.2,770.9,836.2,839.2,758.0,694.3,555.0,549.2,555.4,535.2,500.2,501.4,547.0,560.7,615.7,642.3,647.7,614.2,575.7,550.7,1031.4,999.2
Gabon,,,,,,,,,,,,,,,,,,,,13.9,13.6,20.2,22.0,25.0,26.9,31.6,33.9,37.7,41.8,54.3,,77.3,82.5,125.6,130.5,133.7,134.4,153.0,158.0,,,,,,,,,,,,,,167.3,166.3,166.2,155.2,162.2,147.4,163.4,,,,279.5,260.2,286.8,280.2,197.5,194.1,227.0,288.6,254.7,267.8,256.2,288.7,277.7,244.3
"Gambia, The",,,,,,,,,,,,,,,,,,,,,,,,,,,,,,,,,,,,0.9,1.1,1.5,1.4,1.6,2.1,2.7,3.2,3.8,3.1,2.2,2.0,2.4,3.3,3.5,3.5,3.1,3.3,2.9,3.1,3.3,3.0,4.2,3.7,5.1,16.6,7.9,,,13.0,12.8,19.7,17.9,,,13.6,16.6,16.5,16.5,15.2,13.2
Ghana,,,,,,,,,,,43.3,49.4,86.9,108.1,100.8,107.4,102.4,86.5,101.7,,137.4,141.8,131.7,106.9,91.9,92.7,121.0,114.6,82.9,52.4,38.6,25.5,30.9,23.2,,9.9,18.2,35.2,38.0,39.3,20.7,21.9,23.5,33.7,36.6,42.8,46.6,47.5,40.0,40.1,49.9,56.7,70.9,41.9,48.4,58.7,54.7,54.3,58.1,89.1,78.0,90.6,86.1,160.0,246.0,181.2,242.4,193.9,146.5,167.4,190.0,216.2,220.7,257.9,229.3,260.2
Guinea,,,,,,,,,,,,,,,,,,,,,,,,,,,,,,,,,66.1,47.1,38.5,,,,,,,,,164.8,131.2,102.5,104.9,,,102.7,112.0,147.3,144.6,292.4,321.6,249.6,231.3,,,,,,,,346.5,356.9,341.6,366.6,296.7,311.0,305.1,284.0,281.4,301.8,441.3,456.4
Guinea-Bissau,,,,,,,,,,,,,,,,,,,,,,,,,,,,,,,,,,,11.9,19.6,10.6,5.4,7.2,5.7,,7.3,,,,,3.9,4.1,3.4,3.2,4.7,,17.7,11.4,10.8,11.0,,15.5,,,,13.6,17.3,16.1,23.8,20.2,20.3,19.0,17.3,20.4,21.4,24.0,24.9,25.0,24.5,23.0
Kenya,,,,,,,,,,,,,48.4,16.3,11.9,32.7,103.4,168.1,211.0,254.1,259.1,249.8,264.2,330.2,420.2,474.3,512.7,512.4,735.2,1232.9,1595.7,1736.9,1413.6,1371.0,1386.1,1298.5,1069.1,898.4,1075.8,1384.0,1335.7,1239.6,1263.8,983.8,735.7,614.7,511.8,587.7,686.8,652.8,614.9,598.5,642.5,739.3,795.8,803.4,792.8,836.2,827.1,926.1,883.9,901.8,956.1,977.1,1104.6,1090.5,991.4,1069.9,1151.0,1181.2,1212.0,1163.2,1150.7,1183.0,1155.2,1091.3
Lesotho,,,,,,,,,,,,,,,,,,,,,,,,,,,,,2.8,2.9,3.7,4.1,7.0,7.5,10.0,8.2,8.6,9.9,10.8,11.7,10.9,14.7,13.9,11.6,11.1,10.3,12.1,15.0,13.4,21.8,25.8,36.6,35.1,36.9,28.2,26.6,24.8,25.3,26.6,28.9,21.0,45.0,59.4,46.2,45.0,45.5,48.3,50.8,51.8,56.6,52.4,47.7,44.6,36.2,34.7,35.8
Liberia,,,,,,,,,,,,,,,,,,,,,,,,,,,,,,,,,,,,,,,,,,,,,,,,,,,,,,,,,30.7,40.8,22.1,13.9,22.0,28.2,34.7,45.3,51.0,46.2,41.2,38.6,34.1,25.0,20.1,16.0,14.3,31.2,36.8,33.6
Madagascar,,,,,,,,,,,,,,,,,43.9,47.7,48.9,51.8,55.3,55.9,54.2,53.9,58.7,61.7,69.5,66.7,77.5,102.8,105.2,136.5,126.6,119.3,,,93.3,89.6,79.4,79.1,73.7,70.8,74.0,76.6,45.2,69.1,58.1,53.4,77.3,98.5,95.2,89.3,90.1,112.0,88.5,102.5,101.9,91.5,88.2,106.3,111.8,80.8,63.3,70.9,69.3,68.9,68.9,65.9,67.9,68.8,74.5,80.4,92.2,99.1,98.1,99.4
Malawi,,,,,,,,,,,,,,,,,,,,,8.3,8.3,8.2,8.6,9.3,15.5,15.3,23.1,21.4,27.8,42.9,60.6,58.7,42.0,31.6,25.5,21.7,25.1,29.7,24.7,19.9,21.5,20.3,18.1,20.0,20.3,19.8,12.2,16.3,21.0,16.7,16.3,13.8,14.8,16.0,16.4,27.6,45.2,37.1,38.2,46.7,57.2,48.3,49.3,56.5,88.6,65.6,52.0,52.8,65.3,71.6,95.9,103.9,94.1,117.5,122.9
Mali,,,,,,,,,,,,,,,,,,28.1,25.7,26.2,27.2,30.9,35.2,27.4,33.5,32.9,33.8,46.7,55.0,54.2,44.4,51.0,43.9,41.3,44.9,42.7,42.0,46.4,45.7,55.0,54.2,55.8,53.6,,,49.9,53.4,57.3,53.9,62.6,62.0,70.0,81.2,81.7,81.3,92.9,101.1,105.9,114.9,119.3,132.3,137.6,145.0,147.3,139.8,140.7,197.8,330.7,395.8,489.0,483.1,511.3,624.3,636.5,582.0,727.4
Mauritania,,,,,,,,,,,,,,,,,,,,,,,,,,,,,,,,,,,,,,64.3,59.7,56.4,55.8,49.3,46.4,43.8,42.2,41.0,39.4,42.1,50.4,58.5,41.4,55.2,72.2,101.0,72.3,114.6,117.9,99.8,116.7,0.0,135.4,135.8,0.0,0.0,161.5,159.3,155.6,148.3,163.9,171.0,182.6,185.6,229.2,245.0,225.4,253.4
Mauritius,,,,,,,,,,,,,,,,1.7,1.8,1.7,1.7,1.7,1.5,1.9,2.3,2.6,2.7,2.9,2.9,3.6,4.3,4.2,4.5,5.7,10.9,10.7,6.2,6.5,6.4,6.1,6.4,7.6,9.4,12.7,15.9,17.9,18.5,17.9,18.7,19.3,18.1,15.0,13.8,14.5,15.0,15.1,15.5,15.9,15.0,15.3,15.0,14.6,16.2,17.5,15.9,16.4,15.7,21.6,17.8,17.4,22.5,21.7,21.0,20.4,18.9,20.5,17.9,21.4
Mozambique,,,,,,,,,,,,,,,,,,,,,,,,,,,,,,,,,118.0,132.4,125.0,117.0,111.9,94.1,72.3,96.5,88.6,111.1,100.9,99.4,99.5,107.3,125.8,55.9,50.7,56.3,66.9,80.3,83.2,94.8,98.2,97.1,106.3,81.8,73.4,82.5,85.8,94.7,122.1,113.5,126.9,146.7,164.4,157.9,172.9,174.7,240.0,258.3,370.2,352.6,281.9,350.4
Namibia,,,,,,,,,,,,,,,,,,,,,,,,,,,,,,,,,,,,,,,,,,,251.6,218.2,159.6,94.2,74.2,81.7,86.7,106.7,113.2,153.3,138.1,162.7,160.8,158.4,167.6,185.5,195.5,218.3,273.8,288.7,314.8,332.7,327.5,345.0,507.4,556.3,493.7,448.8,429.7,410.2,407.3,383.4,367.6,359.5
Niger,,,,,,,,,,,,,,,,,,,,,,,,,,,,14.3,14.4,16.2,18.1,18.9,16.6,14.2,14.1,16.2,14.7,15.7,16.5,14.6,,,,,,,30.6,26.2,24.1,26.6,32.7,37.3,35.8,43.8,33.8,34.1,39.7,38.1,,,47.5,49.2,64.7,75.1,143.5,96.7,134.1,,181.7,210.7,222.2,259.1,237.9,187.6,242.5,308.7
Nigeria,,,,,,,,,,,,,252.2,287.1,372.6,450.9,533.7,622.4,479.5,2144.7,3314.2,5580.1,4746.8,3941.6,4972.8,5323.9,5995.0,9795.6,7005.1,7431.9,5795.4,5011.2,4070.1,2682.4,2100.6,1806.6,1207.3,1181.2,1038.6,833.5,819.2,556.4,918.9,881.0,757.9,1024.5,718.9,828.1,702.4,755.5,964.4,1632.1,1260.4,1795.0,2709.6,1667.9,1624.9,1434.7,1495.4,1736.8,2439.4,2535.2,2976.5,3313.7,2919.1,2806.0,2551.4,2488.8,2403.3,2298.6,2711.8,2487.6,3202.4,5008.2,3109.4,3731.2
Rwanda,,,,,,,,,,,,,,,,,,,,,,,,,,53.5,37.6,34.3,37.2,50.5,37.2,42.5,47.2,54.7,51.0,49.1,44.2,46.9,52.6,47.4,44.9,53.0,121.4,168.0,138.0,133.6,45.7,77.0,109.5,100.8,110.8,112.7,96.0,97.9,92.6,86.2,75.2,72.7,80.1,74.2,78.2,80.1,81.5,82.4,80.9,83.1,94.4,110.9,117.7,122.9,131.5,138.4,159.9,187.8,176.4,171.0
Senegal,,,,,,,,,,,,,,,,,,,,,,,,,,,,,,,,143.5,134.0,146.4,126.9,127.4,120.6,109.4,104.5,110.5,117.7,118.7,119.8,117.6,110.2,129.6,105.9,108.0,106.2,105.7,112.0,120.9,110.5,122.1,122.4,133.0,133.6,151.7,175.9,197.6,193.5,206.8,195.2,211.5,192.8,223.0,228.6,244.6,345.1,337.9,401.4,385.3,357.5,471.4,421.0,411.6
Seychelles,,,,,,,,,,,,,,,,,,,,,,,,,,,,,,,,,,,,,,17.9,20.8,21.4,21.6,24.0,24.8,26.9,31.3,19.7,17.3,16.0,15.3,16.7,15.7,15.8,14.8,15.3,15.1,15.1,19.3,17.7,17.4,21.1,16.0,13.6,10.2,12.4,14.6,17.1,40.0,23.5,28.8,29.1,27.7,27.6,27.9,47.2,25.2,33.6
Sierra Leone,,,,,,,,,,,,11.7,10.0,9.5,9.8,10.6,10.3,10.5,10.2,11.2,11.8,14.1,15.8,15.2,15.5,17.8,21.9,18.8,18.2,20.2,19.1,21.1,27.9,24.8,18.7,12.2,9.5,6.9,13.9,6.7,9.3,17.0,17.6,31.7,37.3,30.3,28.7,27.7,20.3,9.7,12.0,17.4,28.0,33.3,33.1,36.1,29.3,28.7,32.0,29.9,22.5,26.5,27.6,28.7,31.4,31.6,48.6,41.1,50.5,45.8,31.8,29.0,22.5,25.5,28.0,22.2
Somalia,,,,,,,,,,,,,,,,,,,,,,,,,,,,,,,,,,,,,,,,,,,,,,,,,,,,,,,,,,,,,,,,,,,,,,,,,,,,
South Africa,,,,271.7,287.1,244.9,230.1,238.0,267.7,386.0,290.1,272.5,310.9,494.8,800.0,801.3,1123.1,1150.1,1245.7,1383.5,1453.3,1498.9,1414.4,1557.6,1593.6,2007.4,2577.6,3238.0,4017.8,4469.1,4010.2,3581.4,3590.0,3971.7,3906.3,3969.4,4276.8,4246.5,4328.7,4780.1,5610.7,5534.1,4984.0,4094.1,3524.6,3257.2,3472.8,3089.4,2685.3,2468.5,2187.3,2096.0,2460.1,2750.6,3014.0,2983.3,3088.4,3428.7,3475.9,3425.1,3400.4,3556.9,3441.7,3566.1,3727.0,3800.6,3804.6,3835.0,3736.2,3682.6,3528.7,3505.6,3640.9,3279.2,3110.1,2958.6
South Sudan,,,,,,,,,,,,,,,,,,,,,,,,,,,,,,,,,,,,,,,,,,,,,,,,,,,,,,,,,,,3199.5,2933.2,4055.9,2893.8,3058.6,4366.1,2779.7,2763.7,3602.8,2893.3,844.3,363.9,511.2,314.3,167.5,250.7,520.4,925.4
Sudan,,,,133.1,149.7,171.1,240.9,219.0,282.3,407.7,385.4,446.9,502.1,507.1,604.3,653.9,935.9,1291.7,1133.4,1060.6,1302.0,1743.0,2084.7,2090.6,1807.4,1642.8,1282.3,1109.1,1636.2,1688.7,1247.3,1475.4,1701.4,1432.8,1566.5,2238.7,2565.7,1821.8,1552.2,1764.4,1926.6,,2231.2,1788.8,1548.8,1765.9,1306.5,954.8,676.7,534.3,1546.6,2771.4,3570.2,2263.6,2655.5,2007.5,5702.8,3973.9,4674.0,5569.7,6719.2,6552.2,,,,,,3111.2,3260.4,4232.4,2156.2,1950.3,1132.4,668.1,,
Eswatini,,,,,,,,,,,,,,,,,,,,,,,,,,,,,,15.2,21.5,22.0,22.1,19.6,19.6,19.1,17.4,15.8,15.8,14.1,13.7,14.7,20.9,23.0,29.0,33.5,34.8,35.3,36.2,35.1,39.1,40.9,39.2,36.9,37.6,43.8,48.3,63.2,62.9,64.0,71.8,78.0,86.7,84.7,74.7,79.0,79.4,80.4,94.2,86.9,90.7,87.0,84.5,78.8,74.3,72.4
Tanzania,,,,,,,,,,,,,,,,,,,,77.9,74.8,79.5,112.9,155.3,182.0,235.2,307.9,290.6,305.6,378.0,729.6,612.8,290.5,332.9,320.6,275.0,244.0,246.9,262.9,246.5,224.3,217.1,179.9,194.9,194.7,128.2,119.5,155.0,152.7,163.0,177.7,176.6,188.3,218.8,214.0,194.3,198.2,213.8,233.6,244.8,248.9,277.2,358.9,386.3,392.3,453.2,504.9,586.9,642.2,645.1,678.7,686.0,728.5,786.4,832.2,903.1
Togo,,,,,,,,,,,,,,,,6.2,18.4,18.1,15.4,17.0,18.0,18.7,20.2,21.6,22.5,25.8,29.1,30.1,38.5,47.9,47.2,41.0,39.9,39.0,34.9,32.7,37.2,46.9,55.2,69.2,68.2,71.6,73.3,68.5,67.8,74.8,53.4,50.1,,,,,,,,44.1,43.9,43.0,,,55.8,54.9,58.5,55.9,62.9,68.7,78.8,77.4,89.8,96.8,107.1,183.3,170.1,190.9,336.6,256.2
Uganda,,,,,,,,,,,,,,2.1,12.9,46.7,85.2,148.4,199.3,227.4,278.6,285.8,303.0,518.0,657.7,518.6,389.8,364.3,323.1,223.6,176.5,134.7,182.9,161.2,122.5,85.9,138.5,179.8,192.3,186.4,186.2,168.3,170.3,165.9,109.6,112.0,138.7,157.1,168.6,166.4,211.1,241.6,233.7,236.0,253.1,272.6,311.7,312.5,302.1,309.0,340.5,334.7,715.9,709.7,362.4,304.3,322.0,357.3,371.0,405.4,480.4,736.2,1086.8,1105.7,924.8,931.3
Zambia,,,,,,,,,,,,,,,,,,,,,,,,,,,,,,,,,,,,,300.7,242.4,447.0,403.4,300.7,434.6,382.7,255.8,290.7,141.1,165.9,139.5,93.3,93.6,,139.4,,,,,182.5,204.4,223.3,253.0,252.0,237.9,264.3,277.6,309.1,333.5,410.3,439.0,357.8,348.3,400.0,349.5,310.5,285.0,326.1,398.7
Zimbabwe,,,,,,,,,,,,,,,,,,,,,,,,,,,,,,,,,88.4,73.7,82.3,88.7,75.5,77.1,77.1,78.4,82.2,85.8,86.2,89.7,72.9,61.2,62.4,57.5,60.1,64.8,,88.0,110.8,146.0,526.0,165.5,101.9,76.3,70.7,,,,56.0,109.3,168.9,186.3,192.7,202.0,195.1,181.1,202.1,197.1,260.2,491.2,332.7,232.9
Belize,,,,,,,,,,,,,,,,,,,,,,,,,,,,,,,2.4,3.5,4.5,5.0,5.8,6.2,6.8,6.4,,,,7.9,8.4,8.2,9.0,10.3,12.9,12.8,11.9,13.9,,,9.7,9.8,9.9,10.6,11.0,12.6,15.6,17.0,21.8,20.3,17.9,17.7,17.2,20.0,22.2,22.2,24.2,25.4,25.7,26.8,28.6,28.4,24.2,25.5
Costa Rica,,,0.0,0.0,0.0,0.0,0.0,0.0,0.0,0.0,0.0,0.0,0.0,0.0,0.0,0.0,0.0,0.0,0.0,0.0,0.0,0.0,0.0,0.0,0.0,0.0,0.0,0.0,0.0,0.0,0.0,0.0,0.0,0.0,0.0,0.0,0.0,0.0,0.0,0.0,0.0,0.0,0.0,0.0,0.0,0.0,0.0,0.0,0.0,0.0,0.0,0.0,0.0,0.0,0.0,0.0,0.0,0.0,0.0,0.0,0.0,0.0,0.0,0.0,0.0,0.0,0.0,0.0,0.0,0.0,0.0,0.0,0.0,0.0,0.0,0.0
Cuba,,,,,,,,,,,,,,,,,,,,,,,,,,,,,,,,,,,,,,,,,,,,,,,,,,,,,,,,,,,,,,,,,,,,,,,,,,,,
Dominican Republic,,,,,,,,,,,247.1,,247.6,244.2,234.2,221.4,236.3,227.8,210.2,199.8,208.1,196.8,191.1,188.1,186.9,172.7,209.3,209.1,224.4,225.7,259.7,277.2,207.7,230.0,215.4,203.9,187.2,176.1,205.8,173.0,152.4,127.1,101.5,72.8,131.0,187.8,189.4,145.4,177.1,238.5,257.0,278.9,373.9,439.5,407.2,303.6,268.6,332.6,320.9,321.0,368.6,362.1,389.1,370.2,417.5,409.6,472.9,507.7,535.4,593.8,665.5,699.5,712.5,690.9,760.8,865.4
El Salvador,,,,,,89.4,,,90.9,105.1,98.4,81.4,79.8,83.1,116.2,112.3,103.5,116.7,120.1,121.7,115.9,131.7,121.8,144.7,186.4,196.2,179.6,176.8,216.7,269.8,291.5,399.2,386.2,424.8,458.0,533.3,906.1,786.2,777.2,674.2,569.6,576.4,489.7,443.8,384.8,293.4,249.8,232.5,210.2,203.7,196.2,202.1,190.1,250.0,263.5,202.0,195.5,193.9,199.3,222.1,217.4,236.2,247.1,258.0,257.8,270.9,263.8,281.4,279.6,291.7,325.8,350.5,381.4,376.9,458.5,434.5
Guatemala,,,,,,,,127.9,135.9,146.7,143.6,156.7,146.0,146.8,142.3,176.1,154.8,223.1,227.8,251.4,237.6,200.7,360.0,248.5,267.3,229.0,238.6,333.3,372.1,448.9,395.2,446.5,463.5,652.0,705.7,704.4,767.0,699.0,600.8,627.9,701.7,700.5,688.8,523.4,630.2,577.0,562.7,542.7,454.2,389.6,407.7,396.2,501.2,589.5,436.7,473.9,283.3,226.8,264.9,260.6,282.4,265.0,290.2,307.0,338.2,361.9,338.7,336.6,368.7,322.7,316.1,379.1,380.5,360.3,441.4,401.3
Haiti,,,,,,,,,,,,,,,,,,,,,,,,,,,,,,,,,,,,,,,,,7.4,7.4,7.2,7.5,7.2,6.2,5.5,5.4,0.0,0.0,0.0,0.0,0.0,0.0,0.0,0.0,0.0,0.0,0.0,0.0,0.0,0.0,0.0,0.0,,5.8,6.9,7.8,10.1,9.4,12.8,17.5,19.9,29.9,12.7,9.9
Honduras,,,,23.5,23.7,26.5,24.4,27.0,29.7,46.2,49.9,45.1,36.2,34.8,34.4,33.3,48.8,50.5,51.6,52.9,53.9,54.3,72.6,81.8,107.0,105.0,98.6,115.2,121.6,150.5,192.9,197.7,192.7,186.9,189.9,183.3,202.6,227.4,244.6,277.1,285.8,272.0,220.5,150.3,,130.1,,,,,,,116.6,133.0,132.5,167.9,120.1,118.0,135.4,160.7,199.2,223.5,231.7,255.8,262.4,316.9,284.3,346.8,412.0,450.9,428.7,461.2,390.0,449.0,458.3,508.6
Jamaica,,,,,,,,,,,,,,,,,,,,,,,,,,,,,85.7,85.9,,,,99.0,110.8,100.8,80.7,67.4,72.5,73.3,82.7,100.2,96.9,89.4,141.4,118.8,89.6,81.9,81.0,92.5,76.3,72.9,71.6,76.2,91.9,96.0,89.1,85.7,102.1,113.0,152.8,147.9,131.2,138.9,138.3,133.3,128.7,133.6,151.5,159.3,224.9,284.3,255.5,233.1,220.5,217.3
Mexico,,420.9,468.2,474.5,438.8,497.7,627.6,594.2,606.7,658.9,612.5,599.7,675.9,684.2,776.2,871.2,912.1,874.8,918.3,913.3,994.0,1163.2,1085.9,1115.7,1347.1,1491.9,1632.0,1757.0,1971.9,1841.8,1872.7,2081.6,1976.7,2616.9,2530.0,2422.5,3036.3,3165.0,2663.7,2576.1,2395.0,2538.5,2404.3,2534.9,2813.7,3003.0,3775.1,3153.8,3347.8,3354.4,3459.5,3639.8,3756.9,3717.7,3593.7,3584.3,3453.1,3508.8,3290.5,4415.4,4390.7,5272.6,5021.6,5481.7,5803.3,6138.9,6413.1,6023.1,6735.1,6102.4,6824.9,7501.7,9801.9,9442.0,10065.3,9910.7
Nicaragua,,,,,,,,,,,,,,,,,,,,,,,,,0.1,0.1,0.1,0.1,0.1,0.2,0.2,0.1,0.1,0.2,,,,,,,,,108.9,90.2,60.4,51.0,51.8,51.9,46.6,45.9,39.5,40.6,46.7,42.4,53.9,55.0,49.4,49.5,52.0,52.0,49.3,48.8,51.6,58.2,77.7,81.0,87.6,107.5,93.7,96.2,91.0,84.7,88.3,83.5,84.2,88.2
Panama,,,,,,,,,,,,,,,,,,,,,,,,,,,,,,,,,,,,,,,,193.9,191.6,189.3,134.8,143.1,140.9,169.5,177.5,168.1,174.0,200.2,175.5,186.0,0.0,0.0,0.0,0.0,0.0,0.0,0.0,0.0,0.0,0.0,0.0,0.0,0.0,0.0,0.0,0.0,0.0,0.0,0.0,0.0,0.0,0.0,0.0,0.0
Trinidad and Tobago,,,,,,,,,,,,,,,,,,,,,79.2,80.0,91.9,121.9,114.8,100.0,82.4,92.8,110.9,119.1,128.8,166.9,192.7,160.5,,,,,,,,,,,,75.5,82.1,,,,,,,37.0,49.7,83.5,181.3,218.5,238.9,239.7,237.1,221.9,209.0,204.1,216.5,258.0,217.3,221.0,239.6,223.2,181.6,186.9,183.2,218.8,217.2,228.2
Canada,,,4319.3,8752.9,14067.9,16143.0,15018.0,14871.6,15177.2,14494.3,13500.6,12631.1,12351.6,12607.2,13094.4,12508.4,12650.8,11723.6,11579.2,12311.1,11959.1,11263.0,11284.9,11663.0,11732.3,11651.9,12220.0,12985.0,13184.1,13793.4,14369.8,13912.5,14640.4,14464.8,15723.1,17136.7,18259.4,18799.5,19150.3,19568.5,19875.7,19775.2,19756.6,18246.2,18044.7,17999.3,17737.9,16718.3,15352.6,14147.6,14636.8,15268.7,15018.6,15416.7,15495.0,15780.2,16377.5,17097.8,17892.5,19507.4,21022.7,21982.9,19855.1,20526.1,19518.3,18042.4,18336.7,21067.3,21346.7,25786.1,25667.0,25397.6,26265.6,26100.9,25567.9,27257.0
United States of America,,168952.5,181574.7,388501.1,547265.8,563455.6,486159.0,460192.8,466213.9,479516.9,476672.2,480010.9,468196.8,488000.5,528777.5,521576.6,504187.3,506395.5,598756.0,687413.8,709490.6,678324.1,628636.1,565600.5,564787.1,536731.5,529722.9,500631.5,487013.1,505392.9,508590.0,511508.9,510328.5,568435.8,672268.3,656496.4,690511.3,740240.7,789170.0,782694.8,766321.6,759847.6,728240.4,643305.9,677914.4,641634.9,608280.2,568191.2,537284.7,534505.3,522436.0,523721.7,543988.6,548406.7,615755.9,700831.9,763850.8,799033.0,810546.8,832175.3,892710.8,962957.8,990485.4,978757.0,924392.1,853289.0,800801.3,782616.3,780214.8,772175.9,795416.3,840614.8,880185.2,870751.2,860692.2,880070.6
Argentina,,5268.4,4176.1,2830.8,2882.9,3759.1,3581.7,3616.7,3385.4,6008.3,3235.4,1821.0,2727.2,3320.5,3216.5,3279.2,2755.5,2657.6,2749.0,3060.3,3699.4,4517.2,4336.0,4475.1,4603.1,4822.4,4907.6,6230.0,11256.8,11922.9,12740.1,13237.3,11781.1,12540.0,10807.0,12356.5,9695.0,8957.7,8922.2,8899.4,8895.8,7231.1,4910.7,4927.5,4665.8,4402.7,4711.0,4617.8,4097.5,4029.0,4061.6,4185.8,3987.2,3927.7,3347.1,3447.6,3547.7,3726.5,3842.4,4156.5,4130.1,4451.2,4404.5,4341.3,4287.8,4804.3,4970.2,4922.1,4788.7,5191.9,4619.7,4203.1,3919.2,3860.4,4338.3,2859.2
Bolivia,,,,,,57.4,,39.2,29.0,33.3,,,,54.1,53.8,66.8,,,,,85.0,87.9,115.9,105.6,144.8,169.2,195.6,265.5,291.0,295.3,356.8,372.6,403.8,458.8,278.0,194.6,306.6,329.3,270.5,280.9,249.0,271.0,367.6,358.0,342.7,268.3,329.9,325.3,319.4,387.3,478.6,382.0,380.8,436.7,391.1,445.6,424.2,403.1,393.2,412.4,624.5,489.3,854.8,567.2,669.5,715.1,749.6,668.3,577.0,622.5,637.0,615.6,523.9,546.4,429.4,626.8
Brazil,,,,,,1574.1,,,,2374.4,2376.3,1885.4,1730.5,1614.2,1718.4,1686.5,1574.3,2639.6,2387.8,2297.1,2383.5,2511.7,2987.4,2977.1,4495.7,5106.3,5347.7,5867.2,6859.0,6275.1,6236.5,6510.8,5713.5,5576.1,6453.0,6063.7,6425.8,8827.4,8074.9,11074.6,13802.7,14526.1,12109.5,9807.5,7721.1,10608.7,12630.3,14200.6,13205.8,13115.2,14097.6,14441.7,15643.4,18119.4,18361.3,14647.8,15219.7,16467.6,17051.6,18389.3,19562.4,21330.2,23687.0,22944.1,23385.2,23512.5,23982.7,23426.9,22237.6,23687.2,25259.0,24169.8,23137.4,21913.9,20542.1,21175.7
Chile,,,,,,197.0,107.9,151.8,192.8,194.0,213.9,163.3,226.5,267.2,240.4,239.2,228.6,272.4,300.2,327.1,333.2,330.9,706.4,1069.3,1176.4,1202.1,1804.2,1388.9,1459.1,1931.6,2272.6,2539.9,2679.1,2871.5,3213.4,2709.0,2757.8,2681.5,2636.9,2619.1,2185.6,2012.4,1902.1,1800.2,1823.4,1991.6,2109.7,2295.1,2313.7,2469.3,2568.8,2657.7,2794.5,2857.4,2843.7,3225.8,3656.9,3759.8,4283.7,4217.7,4476.9,4025.9,4529.7,4827.8,4531.1,4584.9,4652.5,4640.6,4793.4,5026.8,5016.0,5013.7,5547.3,5038.5,4649.3,4875.4
Colombia,,,,,,,,,,,377.0,309.7,340.7,407.0,632.0,722.0,689.3,726.8,747.8,767.4,634.2,587.7,723.3,1137.3,709.7,645.1,640.0,721.1,677.0,656.0,764.9,867.2,995.3,940.0,928.1,1228.0,1398.7,1282.1,1395.8,1500.8,1727.2,1760.5,1840.9,1822.7,2081.5,2681.1,2800.8,3270.0,5068.8,3258.8,3892.6,4142.0,4203.8,4623.4,4854.6,5099.6,5443.2,5541.4,5859.3,6215.8,7347.3,7718.5,7659.6,7130.1,7632.0,8310.5,8195.9,8238.5,8122.8,8667.9,8518.8,9158.3,9453.3,9865.0,9661.0,9794.6
Ecuador,,,,,,788.9,,,,1247.0,1197.0,1047.6,1405.6,1349.9,1285.7,1134.5,1319.9,1478.1,1367.0,1453.9,1613.3,2056.3,2100.3,1873.5,2181.0,2545.6,3138.3,3709.6,3844.8,5960.9,4271.1,4393.1,4366.5,4200.5,4246.7,3671.2,3826.9,4893.9,5117.8,5486.6,5869.0,5566.0,5842.5,5536.0,5309.2,5992.0,5674.4,8799.3,6238.9,5686.7,4597.0,1628.0,746.1,782.3,914.6,1240.1,1159.6,1525.1,1470.2,1982.2,2297.6,2587.0,2684.1,3010.5,3023.2,3109.1,3056.9,2740.9,2606.9,2543.9,2639.3,2422.3,2441.2,2492.3,2586.5,2663.8
Guyana,,,,,,,,,,,,,,,,,,,,,,,,,,18.7,37.3,106.6,110.8,73.1,45.4,38.3,42.6,39.3,38.4,29.8,28.5,51.7,34.4,23.3,17.7,13.9,7.3,5.8,9.1,10.4,12.5,11.9,10.7,,,,25.4,29.1,32.5,30.6,40.5,31.9,31.1,36.5,41.5,41.1,39.6,39.4,39.9,41.2,45.9,54.8,60.6,68.4,70.5,75.4,85.2,81.2,88.2,91.7
Paraguay,,,,,,,,,,,,,49.8,43.6,49.5,53.9,56.7,65.0,73.5,79.7,88.0,92.5,100.9,103.3,131.5,125.0,101.5,131.6,135.4,146.9,166.3,118.6,136.2,178.1,267.1,250.4,259.6,289.6,293.9,238.9,297.4,248.5,241.1,368.2,310.5,284.5,262.8,306.7,285.7,235.2,218.9,196.3,190.4,173.1,167.0,149.3,177.0,157.1,179.9,184.6,184.6,205.1,227.0,258.6,296.4,326.1,344.1,377.6,350.9,340.4,371.0,375.5,394.6,379.6,365.7,385.1
Peru,,808.6,878.1,1012.3,964.6,996.3,1018.0,1137.0,1286.7,1251.1,1259.2,1231.6,1287.1,1532.5,1513.6,2092.4,2358.5,2233.4,2242.2,3874.8,1931.1,2070.9,3335.1,3541.1,3692.7,4444.3,4745.8,6260.4,7092.2,10286.3,7798.9,5263.4,7745.3,6767.4,8671.4,7006.9,5099.3,6134.8,5699.6,6210.5,3136.3,2172.6,1819.0,1318.0,1588.1,1803.8,1869.4,2196.7,2118.5,1788.7,1776.8,1723.1,1574.6,1538.3,1429.5,1467.9,1437.4,1782.2,1862.6,1804.8,1799.7,2213.4,2410.7,2457.3,2756.3,3177.6,3142.9,3509.7,2751.0,2715.7,2675.2,2761.8,2731.3,2890.6,2799.2,2750.3
Uruguay,,,,,,,,,,,,,,,,,,,,,,,,,552.1,989.6,1193.3,1117.6,932.8,999.7,1038.4,1216.9,1471.8,1942.4,1768.8,1348.4,1140.5,1100.1,1111.2,934.8,1063.7,1170.1,1142.8,798.6,970.9,937.1,891.0,916.9,985.7,973.6,971.2,997.1,983.2,975.6,899.2,782.6,756.0,765.7,800.5,764.6,863.2,882.9,963.1,936.4,1021.2,1072.0,1106.2,1121.9,1149.5,1214.3,1319.9,1274.3,1306.9,1437.2,1297.9,1411.1
Venezuela,,,,,,,,0.2,0.2,0.3,0.3,0.2,0.2,0.1,0.2,0.3,0.3,0.3,0.3,0.4,0.4,0.3,0.3,0.4,0.5,0.5,0.6,0.7,0.5,0.6,0.6,0.6,0.5,0.5,0.7,0.8,0.8,0.5,0.5,0.6,0.6,0.9,0.5,0.7,0.6,0.8,0.6,0.5,0.4,0.6,0.5,0.4,0.5,0.5,0.4,0.4,0.5,0.9,1.1,1.2,1.2,0.7,0.6,0.7,0.8,1.0,0.6,0.5,0.2,1.9,2.2,17.2,10.6,2.0,4.6,3.6
Australia,,,3080.8,4425.1,5651.6,5688.6,5102.1,5181.4,5021.5,4820.1,4775.8,4803.0,4725.3,4721.8,4920.8,5533.3,6406.9,7399.5,9005.0,10593.4,11385.9,11006.7,10290.6,10000.0,10004.5,9583.5,9451.1,9604.2,9751.3,9802.6,9910.7,10242.4,10770.7,11500.2,12090.5,12507.2,13484.2,14138.7,14219.9,13736.8,13249.4,13137.8,13202.5,13427.7,13819.4,14343.2,14503.6,14048.9,13876.8,14125.7,14817.2,15542.1,15499.6,16113.3,16806.1,17119.1,17824.9,18447.4,19433.1,20627.1,21379.2,22989.7,23257.2,22935.0,22131.2,21939.0,23811.0,26247.0,28741.7,28690.3,28005.3,28764.5,30170.4,32223.1,32445.3,31970.2
Fiji,,,,,,,,,,,,,,,,,,,,,,2.2,2.6,3.0,3.5,3.6,4.6,6.3,8.2,10.4,18.0,21.8,20.2,20.8,27.8,28.8,30.0,27.5,27.7,49.5,50.0,57.6,55.8,55.5,50.7,51.8,51.3,49.7,45.6,42.8,40.6,41.6,59.9,62.9,56.5,56.7,63.3,55.5,69.6,86.3,56.2,64.0,59.5,62.6,58.8,57.7,75.7,47.3,58.1,76.6,80.3,79.1,73.7,67.9,67.4,71.7
New Zealand,,,,,,,,,1182.6,1140.5,1126.8,1158.2,1187.6,1115.9,1088.1,1109.0,1322.5,1316.2,1494.8,1450.4,1533.4,1592.0,1738.1,1634.8,1658.5,1612.3,1664.8,1695.8,1629.6,1650.0,1744.6,1750.3,2430.2,2307.7,2116.9,2064.8,2141.1,2123.5,2316.2,2374.2,2088.8,2159.5,2248.9,2119.6,1983.3,1938.1,1963.1,2000.9,2017.2,1976.4,1979.0,2005.9,2014.5,1968.6,1894.0,1868.3,1750.3,1729.4,1913.5,1930.9,1872.8,1965.6,2001.6,1935.5,1882.3,1838.2,1834.0,1891.8,2087.1,2235.6,2441.5,2971.7,3059.3,2792.4,2829.1,2986.7
Papua New Guinea,,,,,,,,,,,,,,,,,,,,,,,,,,,,35.9,95.9,92.8,96.7,100.9,109.2,100.0,,,,105.0,105.6,108.1,106.9,116.2,156.4,111.7,120.7,136.6,166.7,121.8,157.0,166.4,132.0,102.2,90.1,75.4,52.3,47.3,53.0,62.5,61.8,74.6,61.4,77.5,64.2,74.3,107.6,105.0,117.0,110.3,92.6,91.3,89.1,99.4,101.2,90.2,97.5,94.1
South Asia,,,,,,,,,,,,,,,,,,,,,,,,,,,,,,,,,,,,,,,,,,,,,,,,,,,,,,,,,,,,,,,,,,,,,,,,,,,,
Afghanistan,,,,,,,,,,,,,,,,,,,,,,,62.8,,,72.8,70.8,74.3,94.8,100.0,,,,,,,,,,,,,,,,,,,,,,,,,,,183.6,165.4,167.2,257.4,224.3,252.4,269.9,265.5,199.0,183.4,223.7,178.9,177.2,174.3,190.3,228.1,263.9,268.6,,
Bangladesh,,,,,,,,,,,,,,,,,,,,,,,,,,212.0,239.8,246.3,435.8,525.6,468.8,445.2,468.3,495.3,572.3,729.9,717.7,660.5,720.2,773.1,849.8,929.8,924.2,941.4,1083.3,1176.5,1319.4,1357.2,1417.5,1508.7,1530.2,1586.2,1656.1,1654.8,1605.4,1610.4,1640.9,1663.5,1790.5,1884.3,1861.6,2171.9,2615.4,2771.9,2915.9,2905.8,3105.9,3508.7,3856.2,3757.3,4136.8,4723.4,4803.0,4757.7,4473.8,4459.7
India,,,,,,,,,2927.4,3501.0,3506.9,3237.8,3268.9,3526.5,4847.2,7935.0,7745.7,7571.2,7129.4,6661.1,6898.2,7310.8,7538.4,8988.3,9476.6,8370.2,7794.9,8748.6,10045.1,9543.8,9980.0,10754.3,11036.4,11652.1,12642.7,13083.4,13840.2,15525.0,18352.4,19769.1,20242.1,21330.1,21010.5,19617.9,18749.0,21176.2,21270.7,21908.2,22305.5,24691.4,25761.3,29938.4,30892.8,31968.7,31869.8,32581.4,37846.2,40276.8,40603.2,41093.7,46610.5,54876.6,55097.3,55603.6,55321.5,55358.1,58055.4,58606.9,64584.1,69133.7,71568.2,76620.7,77085.5,76596.9,79976.8,83334.5
Nepal,,,,,,,,,,,,,,,,,,,,,,,21.4,24.8,25.2,25.8,25.6,30.9,40.9,41.4,42.0,46.8,47.4,47.9,53.5,59.6,65.9,70.6,70.3,71.2,73.6,80.1,83.5,85.6,88.9,92.7,92.2,91.1,90.6,96.0,97.5,105.4,115.9,149.9,199.5,222.4,265.6,293.7,276.3,266.0,280.4,314.5,330.0,341.1,323.6,354.7,400.9,385.0,409.0,470.6,461.7,447.1,459.2,453.4,417.5,408.0
Pakistan,,,,,,,,,582.6,483.5,501.9,591.7,616.5,610.3,584.9,632.1,712.3,1150.3,1341.3,1092.6,1123.3,1221.6,1332.7,1481.2,1660.4,1551.3,1547.3,1620.1,1633.4,1626.3,1730.6,1830.7,1978.0,2149.0,2589.6,2889.5,3105.3,3380.8,3634.5,3974.5,4113.4,4125.6,4354.2,4661.1,4956.1,4930.8,4789.1,4871.9,4870.6,4663.5,4663.5,4709.6,4719.7,5049.0,5429.7,5802.2,6040.7,6287.2,6391.2,6435.7,6067.5,6252.9,6538.5,6892.6,7309.5,7560.5,7952.3,8638.3,8933.9,9792.5,10952.0,10818.7,10642.3,11096.3,10358.1,9025.1
Sri Lanka,,,,6.7,8.7,11.9,18.9,17.3,20.7,28.3,39.9,43.2,43.6,44.2,40.4,34.7,33.6,34.9,36.9,37.9,39.9,41.2,51.6,76.8,,55.4,57.9,61.3,56.4,69.8,85.5,98.6,91.1,80.7,73.9,129.7,145.9,520.2,454.3,581.7,402.4,310.4,422.6,576.9,646.4,692.5,804.3,1353.8,1265.0,1122.5,1176.9,1060.0,1418.0,1183.8,979.4,880.8,981.4,908.1,1048.6,1284.2,1470.2,1518.6,1415.3,1484.3,1339.9,1376.0,1613.4,1738.9,1517.4,1580.0,1448.4,1464.6,1363.9,1400.8,1002.0,1141.6
China,,,,,,,,,,,,,,,,,,,,,,,,,,,,,,,,,,,,,,,,,,21198.4,23044.6,24494.3,29788.2,27392.9,26357.4,27376.2,29002.7,30940.6,33783.3,41184.6,44577.8,52857.2,60708.9,65701.7,72368.6,79470.1,91475.3,100555.2,110018.4,133500.7,140076.0,150373.9,165824.1,179306.7,193619.1,208818.9,220839.6,234421.6,248153.2,260242.5,272509.1,279605.8,291958.4,309484.3
Japan,,,,,6845.9,7111.3,8011.6,8322.7,7778.8,7444.4,7604.3,7593.4,7604.7,7392.0,7567.5,8226.2,9031.4,9692.1,10470.5,11221.1,11973.1,13005.2,14248.5,15711.7,17539.2,18508.8,18966.1,19733.1,19906.7,20491.9,21667.4,23057.2,23426.3,24266.2,25065.5,26305.3,27507.5,28983.5,30259.0,31512.2,33102.2,34535.0,36225.8,37141.0,37699.1,37546.9,37534.1,38155.7,38849.8,39179.0,39223.5,39019.3,39223.9,39910.5,40109.3,40160.1,39999.6,39927.3,39418.5,38906.2,38531.7,39253.5,39394.1,39926.6,39442.5,39279.4,39699.9,40397.4,40157.4,39891.7,41899.8,43091.6,42722.2,43660.1,46880.2,51888.0
"Korea, North",,,,,,,,,,,,,,,,,,,,,,,,,,,,,,,,,,,,,,,,,,,,,,,,,,,,,,,,,,,,,,,,,,,,,,,,,,,,
"Korea, South",,,,,,184.7,463.2,513.4,735.9,632.6,746.8,792.3,768.4,801.1,929.5,768.4,726.7,763.4,1378.7,1532.8,1805.9,2082.1,2152.5,2529.9,2959.3,2976.9,3807.6,4394.8,6317.0,7508.6,9352.5,8783.9,9622.8,9970.3,10393.8,10819.1,11092.9,11992.3,12893.7,13245.2,14070.9,14964.3,15512.0,15935.3,16915.3,17694.9,18206.8,19903.2,20183.1,20679.8,19957.7,19422.3,20617.3,21207.0,21791.4,22532.2,23522.1,25439.8,26356.6,27550.3,29352.7,31198.1,31457.3,31888.3,32700.3,33690.9,35016.2,36376.5,37287.9,37973.8,39899.7,43114.0,45382.5,47359.2,46365.4,46897.5
Mongolia,,,,,,,,,,,,,,,,,,,,,,,,,,,,,,,,,,,,,,,,,,,165.1,112.3,49.5,47.1,41.0,57.8,48.8,44.6,46.2,47.3,60.1,54.9,60.2,56.9,62.0,60.0,73.5,96.0,88.2,57.0,71.3,97.4,119.1,110.2,119.0,118.1,120.9,119.7,114.4,122.4,126.7,121.5,107.5,131.7
Taiwan,,,,,,,,,,,,,,,,,,,,,,,,,,,,,4911.2,5964.9,6844.7,8124.6,8192.5,7614.2,8351.0,8359.9,8423.2,9411.4,9769.7,9930.3,11051.9,12121.3,12788.5,13159.0,13303.3,15081.1,14898.9,13806.2,14243.2,14183.4,13267.0,12106.0,11641.9,11430.9,11054.8,10949.3,10968.4,10553.1,10124.1,10713.0,10908.3,11748.5,11103.9,11209.7,11604.6,10959.4,10895.8,11483.5,11286.1,11436.0,11189.3,11933.8,12459.8,13463.9,15261.4,17014.3
Brunei,,,,,,,,,,,,,,,,,,,,,,,,,,,,,,,,,403.4,397.7,412.3,278.9,227.1,239.1,251.7,228.0,367.7,367.0,414.8,413.1,394.4,348.8,360.2,344.2,385.8,448.9,404.8,361.9,342.5,315.4,335.3,350.0,275.9,334.6,376.5,389.5,401.9,394.5,411.6,403.1,396.1,395.8,514.4,450.7,432.1,376.7,374.9,441.3,460.6,458.2,435.9,430.4
Cambodia,,,,,,,,,,,,,,,,,,,,,,,,,,,,,,,,,,,,,,,2.2,2.0,3.1,5.6,13.1,30.5,68.3,98.2,216.1,240.7,221.9,210.2,187.5,194.0,181.2,162.5,149.1,155.4,154.3,151.2,153.2,145.1,122.2,208.8,249.5,262.6,286.7,311.6,343.4,399.9,455.3,529.5,611.8,659.6,672.7,661.1,618.7,658.6
Indonesia,,,,,,,,,,,,,,,,,,,,,,,,,,,1347.0,1724.0,1724.2,1788.3,1952.7,2257.9,2622.3,2954.8,2918.2,2680.3,2677.9,2658.7,2616.7,2384.3,2278.3,2335.6,2582.5,2626.5,2827.9,2714.9,3000.6,3158.0,3533.5,4644.1,3036.6,2307.4,2374.1,2110.7,2551.3,3430.6,3835.4,3331.2,3382.6,4067.7,3779.3,3965.1,4656.7,5338.6,6129.6,8241.0,7260.8,8443.5,7879.7,9084.0,7986.6,8381.7,9758.0,8837.0,10133.9,9384.8
Laos,,,,,,,,,,,,,,,,,,,,,,,,,,,,,,,,,,,,,,,,,,,,,204.5,202.5,205.0,171.7,131.5,120.6,82.2,36.2,28.7,27.7,25.6,22.4,21.2,20.7,20.8,20.8,19.3,16.1,16.2,18.1,18.5,19.1,,,,,,,,,,
Malaysia,,,,145.1,235.8,317.1,295.8,265.4,242.7,252.0,264.9,230.9,213.1,176.8,182.0,245.0,342.6,480.6,596.7,550.5,570.2,554.9,756.6,848.2,835.8,774.1,870.0,918.9,948.8,1271.5,1085.9,1269.6,1575.0,2122.1,2021.1,1807.9,1666.9,1488.1,1275.0,1852.5,1203.7,1442.4,1549.1,2108.9,2095.3,2226.6,2412.8,2565.4,2466.7,2318.3,1703.9,2305.2,2092.7,2603.6,2958.5,3768.4,3640.3,3893.9,3810.5,4254.7,4350.9,4107.3,3590.8,4025.3,3838.9,4182.9,4215.4,4538.9,4345.4,3651.5,3331.8,3218.2,3415.4,3577.4,3673.8,3922.7
Myanmar,,,,158.5,245.4,349.5,438.1,385.4,386.3,396.1,435.7,472.0,456.1,436.9,470.5,534.7,524.3,487.9,382.3,366.9,367.3,420.1,469.6,478.9,467.6,438.8,362.7,313.8,301.1,350.3,388.5,370.6,387.2,433.0,417.9,401.7,392.5,391.0,364.5,232.9,241.8,429.7,510.9,443.4,513.7,591.3,628.3,668.0,713.3,593.2,488.9,484.2,653.0,585.2,426.2,634.1,708.1,716.2,,,,,,,2969.2,3265.0,3288.3,3816.7,3650.5,3464.5,2356.7,2279.6,3220.0,3785.9,3732.0,3562.5
Philippines,,,,,,,,,,,576.7,595.7,592.1,607.3,682.2,770.2,707.2,685.7,764.1,849.5,986.0,1189.5,1290.1,1204.3,1405.3,1872.5,2427.9,,3128.5,2989.7,2287.6,2736.9,2371.1,2463.5,2372.7,2327.6,1492.9,1603.6,1692.7,1802.9,2319.0,2182.3,2167.9,1972.1,1990.8,2156.1,2258.2,2513.0,2634.6,2352.9,2323.6,2294.1,2423.8,2286.1,2406.8,2682.0,2527.1,2575.0,2662.6,2916.4,2916.9,2805.1,2946.6,2993.5,3039.6,3469.8,3219.0,3522.7,3626.8,4309.6,4577.6,4563.8,4700.7,5303.8,5321.9,5258.6
Singapore,,,,,,,,,,,,,,,,,,,,,,,928.8,1124.2,1189.3,1151.4,1059.8,1198.3,1447.5,1721.1,1684.0,1670.2,1877.1,2081.7,2199.9,2130.9,2627.6,3081.9,3009.1,2983.7,3218.1,3564.1,4090.2,4231.4,4498.3,4641.3,4797.0,5746.0,6294.4,7063.9,7999.4,8149.0,7881.4,8069.9,8508.0,8591.8,8754.2,9299.6,9383.3,9745.2,9811.8,10139.2,9944.2,9590.0,9366.3,9335.9,9608.7,10248.4,10896.4,11186.4,11284.7,11154.7,10645.3,11390.9,12034.0,12200.2
Thailand,,,,,,,,,,529.0,469.2,481.4,448.6,388.3,507.5,539.1,553.6,597.3,642.8,737.7,887.0,1035.2,1217.2,1464.7,1511.1,1417.3,1320.4,1433.5,1761.6,2119.8,2678.1,3114.4,2988.1,2914.1,3107.3,3145.5,3439.7,3700.8,3531.9,3501.2,3530.1,3650.7,3918.3,4338.4,4727.0,4860.5,5258.2,5247.0,5160.9,5013.2,3956.6,3515.9,3357.0,3346.3,3332.2,3326.5,3261.4,2985.6,3032.7,3437.8,4284.6,5287.1,5664.0,5213.4,5410.4,5376.8,5605.0,5805.0,6104.2,6415.3,6587.4,6751.4,6996.2,6885.7,6031.0,5639.8
Timor Leste,,,,,,,,,,,,,,,,,,,,,,,,,,,,,,,,,,,,,,,,,,,,,,,,,,,,,,,,,,18.0,36.1,45.4,41.5,63.5,43.1,29.5,42.9,36.7,34.0,42.2,30.4,29.3,23.2,38.4,42.7,42.0,44.3,52.0
Viet Nam,,,,,,,,,,,,,,,,,,,,,,,,,,,,,,,,,,,,,,,,852.8,1382.0,1824.6,2174.8,1546.8,976.2,765.0,1043.3,,,,,,,,,1928.0,1974.3,2059.8,2424.7,3123.8,3077.1,3390.9,3768.6,3517.7,4096.4,4283.6,4747.2,5189.1,5615.9,5599.2,6031.0,,,,,
Central Asia,,,,,,,,,,,,,,,,,,,,,,,,,,,,,,,,,,,,,,,,,,,,,,,,,,,,,,,,,,,,,,,,,,,,,,,,,,,,
Kazakhstan,,,,,,,,,,,,,,,,,,,,,,,,,,,,,,,,,,,,,,,,,,,,,,434.8,278.5,287.4,310.3,290.1,288.0,240.7,252.3,370.9,406.5,481.2,549.9,693.1,810.4,1218.4,1156.9,1091.1,1198.4,1321.0,1543.0,1742.5,1739.0,1789.7,1510.1,1450.0,1561.7,2039.1,1724.3,1712.7,1163.1,1062.7
Kyrgyz Republic,,,,,,,,,,,,,,,,,,,,,,,,,,,,,,,,,,,,,,,,,,,,,45.2,26.6,28.1,43.3,41.1,49.7,45.2,54.8,63.0,51.4,57.0,64.8,69.4,68.2,75.2,68.4,64.6,78.0,89.0,85.7,105.7,113.1,125.2,129.2,137.9,138.2,142.5,144.9,152.8,300.9,352.1,433.6
Tajikistan,,,,,,,,,,,,,,,,,,,,,,,,,,,,,,,,,,,,,,,,,,,,,38.8,138.5,43.9,12.6,13.6,19.5,22.3,18.7,16.1,16.0,34.1,44.2,51.9,,,,43.3,44.5,50.0,62.2,64.5,,82.5,94.1,94.7,87.9,92.6,90.9,84.9,100.1,203.9,132.0
Turkmenistan,,,,,,,,,,,,,,,,,,,,,,,,,,,,,,,,,,,,,,,,,,,,,,,147.2,131.3,126.3,191.2,162.1,175.4,,,,,,,,,,,,,,,,,,,,,,,,
Uzbekistan,,,,,,,,,,,,,,,,,,,,,,,,,,,,,,,,,,,,,,,,,,,,,,,29.8,24.9,33.3,38.7,,59.1,50.9,43.8,37.3,39.5,,,,,,,,,,,,,,,1678.9,,,,,
Albania,,,,,,,,,,,,,,,,,,,,,,,,,,,,,,,,,,,,,,,,,,298.0,306.3,216.5,165.5,151.5,144.8,135.0,121.2,84.6,80.0,92.7,102.5,116.5,116.3,130.7,142.8,147.9,181.7,224.9,265.0,209.7,225.2,224.0,218.9,206.1,200.3,174.4,167.9,174.2,188.6,212.2,205.7,217.9,228.7,339.9
Bosnia and Herzegovina,,,,,,,,,,,,,,,,,,,,,,,,,,,,,,,,,,,,,,,,,,,,,,,,,,,,,,,387.4,269.6,241.7,201.8,194.0,191.6,199.3,219.3,204.5,181.1,178.8,173.4,168.7,173.8,172.4,166.0,172.1,173.4,174.3,172.6,166.5,200.0
Bulgaria,,,,,,,,,,,,,,,,,,,,,,,,,,,,,,,,,,,,,,,,,,4544.3,3670.7,1987.2,1501.6,1134.8,972.1,957.0,785.2,733.2,847.8,961.3,991.0,1097.5,1107.4,1126.6,1052.7,1077.0,1066.2,1247.1,1218.3,971.8,916.7,762.3,763.3,823.4,769.6,780.2,835.8,866.5,1069.8,2456.2,1230.0,1308.0,1436.9,1721.4
Croatia,,,,,,,,,,,,,,,,,,,,,,,,,,,,,,,,,,,,,,,,,,,,,2054.8,2609.6,2932.7,3119.1,2923.3,2949.2,2273.8,1773.2,1256.5,1164.1,1259.3,1019.2,926.0,966.2,976.6,1005.0,1153.9,1051.4,974.3,1008.4,921.8,880.9,988.5,984.0,935.9,994.3,971.3,1053.7,1028.8,1340.3,1282.1,1290.5
Czechia,,,,,,,,,,,,,,,,,,,,,,,,,,,,,,,,,,,,,,,,,,,,,,3125.6,3228.7,3096.3,3071.8,2904.6,3152.8,3418.6,3529.8,3395.8,3624.8,3936.5,3779.4,4132.2,3817.2,3683.9,3140.8,3233.7,2933.5,2641.8,2539.5,2421.7,2409.8,2504.9,2715.2,2711.8,3197.8,3523.2,3863.8,4206.9,4005.4,4328.6
Czechoslovakia,,,,,,,,,3195.5,3335.7,3188.9,3233.9,3554.9,4104.0,4212.1,4002.0,3783.7,3765.0,4043.2,4509.1,4738.7,4935.7,5032.3,5391.6,5719.9,7060.0,7234.6,7776.6,7693.7,7956.4,8103.8,8028.7,8357.9,8363.3,8469.1,8624.1,8882.2,9381.7,9304.1,9359.1,9583.0,14153.3,12346.7,8098.8,8215.3,,,,,,,,,,,,,,,,,,,,,,,,,,,,,,,
Estonia,,,,,,,,,,,,,,,,,,,,,,,,,,,,,,,,,,,,,,,,,,,,,59.7,80.4,102.3,101.3,98.6,131.6,139.3,173.2,204.3,238.3,284.6,328.9,347.0,332.3,364.2,493.3,482.9,418.4,400.6,426.2,498.0,514.4,550.6,599.2,644.2,663.0,697.2,744.5,828.0,794.9,818.3,1052.9
German Democratic Republic,,,,,,,,,,,,,610.6,610.1,1618.6,1667.7,1721.6,1830.2,1881.0,2141.6,2849.5,3110.4,3426.6,3667.5,3890.4,4274.4,4602.2,4964.1,5274.4,5694.1,6010.2,6250.2,6740.3,7290.8,7701.6,8163.7,8708.4,9287.1,9986.6,10740.7,11126.1,11388.3,,,,,,,,,,,,,,,,,,,,,,,,,,,,,,,,,,
Hungary,,,,,,,,,,,,,,,,,,,,,,,,,2299.3,2241.3,2457.8,2646.3,2483.6,2585.5,2929.3,2912.0,2905.7,2999.5,2964.5,3029.3,2872.0,4479.0,2904.9,2947.0,3406.7,2699.3,2335.4,1754.1,1694.6,1459.6,1445.2,1088.5,1023.7,1259.1,1125.0,1285.8,1419.0,1558.5,1702.0,1837.0,1701.0,1683.8,1508.8,1536.7,1428.2,1273.0,1142.0,1157.8,1102.1,1042.1,1026.5,1154.6,1319.0,1665.2,1507.6,2127.6,2757.0,2248.6,3256.8,3884.7
Kosovo,,,,,,,,,,,,,,,,,,,,,,,,,,,,,,,,,,,,,,,,,,,,,,,,,,,,,,,,,,,,,0.9,29.1,41.8,49.0,44.1,46.9,51.5,57.8,60.1,64.4,67.0,71.3,84.0,79.0,107.6,123.8
Latvia,,,,,,,,,,,,,,,,,,,,,,,,,,,,,,,,,,,,,,,,,,,,,,102.1,119.3,115.7,89.9,87.1,93.8,121.9,152.3,191.2,312.6,360.6,389.3,453.0,569.5,620.8,608.2,386.3,292.5,302.7,278.2,298.7,309.8,353.7,509.8,578.9,789.1,789.2,829.5,858.8,856.1,926.1
Lithuania,,,,,,,,,,,,,,,,,,,,,,,,,,,,,,,,,,,,,,,,,,,,,,193.3,104.3,108.6,120.9,198.7,345.5,264.3,345.2,404.7,403.5,394.6,455.3,496.3,549.3,598.9,617.6,465.9,388.9,375.5,376.1,389.1,467.9,623.4,835.4,1014.6,1221.6,1303.1,1357.5,1391.2,1734.4,1924.4
North Macedonia,,,,,,,,,,,,,,,,,,,,,,,,,,,,,,,,,,,,,,,,,,,,,,,,,161.8,127.3,130.9,116.1,133.0,423.1,183.7,167.5,178.8,166.5,158.5,183.3,168.2,164.1,139.6,130.2,123.0,122.9,121.1,116.9,121.8,115.2,127.9,163.5,167.1,206.7,220.2,235.9
Montenegro,,,,,,,,,,,,,,,,,,,,,,,,,,,,,,,,,,,,,,,,,,,,,,,,,,,,,,,,,,84.1,83.1,75.1,85.6,78.6,80.2,78.1,69.2,62.7,65.9,65.3,71.3,73.1,77.6,80.0,88.4,91.4,98.0,103.0
Poland,,,,,,,,,,,,,,,,,,,,,,,5043.7,5383.8,5418.4,5773.5,5833.6,6214.0,6464.0,6877.0,6593.2,6623.9,6255.2,6323.1,6971.7,6201.5,7004.7,7551.7,7836.9,7617.1,7875.4,6398.8,6646.9,4680.3,4534.7,4969.7,4961.4,4992.4,5253.7,5757.2,5979.0,5886.8,5721.9,5900.8,6002.2,6245.4,6541.8,6987.7,7428.3,8391.2,7632.4,8050.6,8434.9,8552.9,8627.6,8557.8,9520.9,11330.5,10702.9,10944.7,12396.7,12605.5,14426.2,15153.7,15341.3,26778.8
Romania,,,,,,,,,,,,,,,,,,,,,,,,,,,,,,,,,4444.7,4487.2,4041.6,4156.0,4237.7,9570.2,10153.0,8316.1,9060.3,9648.5,4249.7,4407.8,3448.0,2081.5,2482.2,2420.3,2352.1,2637.2,2395.2,2161.6,2057.5,2157.9,2146.2,2213.8,2380.7,2517.6,2595.4,2488.8,2743.0,2332.3,2148.1,2222.1,2161.6,2326.3,2542.2,2932.6,3094.2,4198.4,4669.4,5111.3,5467.4,5348.2,5188.0,4944.7
Serbia,,,,,,,,,,,,,,,,,,,,,,,,,,,,,,,,,,,,,,,,,,,,,,,,,1194.2,1325.5,1213.3,1137.2,1645.4,1310.1,1449.1,1269.8,1173.2,983.2,992.1,1118.6,1085.4,1067.1,1035.3,994.3,961.2,931.0,940.1,904.8,896.2,1000.7,896.6,1452.4,1365.0,1455.0,1723.5,1844.6
Slovakia,,,,,,,,,,,,,,,,,,,,,,,,,,,,,,,,,,,,,,,,,,,,,,1108.5,1144.2,2026.4,2013.8,1620.0,1267.0,1107.0,1150.6,1296.0,1315.7,1395.5,1296.3,1404.8,1425.0,1441.4,1477.2,1411.6,1235.7,1060.3,1060.8,960.5,991.6,1176.1,1206.2,1227.3,1405.9,2008.0,2197.4,2071.0,2085.7,2337.1
Slovenia,,,,,,,,,,,,,,,,,,,,,,,,,,,,,,,,,,,,,,,,,,,,,503.2,431.8,419.4,478.3,490.3,470.4,469.7,441.9,402.1,493.8,547.6,570.3,604.9,616.7,706.5,710.7,752.6,758.0,754.8,609.1,524.4,464.9,445.5,441.7,496.7,509.1,531.6,596.6,581.0,738.3,775.2,822.8
Yugoslavia,,,,,,,,,,,,,,,,,,,,,,,,,,,,,,,,,,,,,,,,,,,,,,,,,,,,,,,,,,,,,,,,,,,,,,,,,,,,
Armenia,,,,,,,,,,,,,,,,,,,,,,,,,,,,,,,,,,,,,,,,,,,,,183.2,67.6,,167.0,144.0,183.1,180.6,194.4,197.1,191.4,189.3,217.9,240.5,294.2,347.6,407.4,472.9,492.9,514.9,471.9,483.2,544.0,552.3,597.9,587.8,601.7,679.2,846.1,821.9,777.2,795.2,1152.8
Azerbaijan,,,,,,,,,,,,,,,,,,,,,,,,,,,,,,,,,,,,,,,,,,,,,359.4,378.0,191.0,157.9,139.1,159.8,182.1,237.7,252.1,285.2,307.1,383.0,464.3,543.3,1116.1,1743.7,2346.5,2072.8,1364.8,2596.8,2694.1,2725.1,2735.1,2906.7,1938.7,2035.0,2140.9,2313.6,2717.2,3077.6,2991.0,3228.2
Belarus,,,,,,,,,,,,,,,,,,,,,,,,,,,,,,,,,,,,,,,,,,,,,247.6,351.9,353.4,139.4,107.0,175.2,163.9,164.0,181.7,226.3,235.3,237.8,287.9,374.6,486.6,530.9,544.1,481.7,541.9,581.9,653.9,699.8,583.8,626.5,791.8,749.1,926.2,877.2,928.1,974.5,1105.2,1248.8
Georgia,,,,,,,,,,,,,,,,,,,,,,,,,,,,,,,,,,,,,,,,,,,,,,,,,126.5,78.9,76.2,58.6,40.0,50.8,72.6,88.3,123.3,327.5,556.3,1101.5,1045.6,637.8,478.0,430.1,446.1,405.7,393.0,350.0,376.1,381.8,392.1,386.7,373.6,370.7,360.3,441.9
Moldova,,,,,,,,,,,,,,,,,,,,,,,,,,,,,,,,,,,,,,,,,,,,,,45.2,39.9,50.3,48.0,48.9,32.2,25.5,19.5,21.6,25.3,27.5,24.6,28.6,36.3,41.3,50.8,36.7,28.0,30.9,31.7,35.3,38.6,39.5,46.8,45.9,49.0,55.5,55.2,62.3,47.7,79.3
Russia,,,,,,,,,,,,,,,,,,,,,,,,,,,,,,,,,,,,,,,,,,,,,54793.5,47899.2,45281.1,29793.2,28131.7,30755.5,18290.1,20311.5,27404.9,29616.5,32808.9,34401.4,35956.9,40861.7,45227.7,49230.4,54093.2,56754.0,57907.7,61801.3,71606.2,75095.8,80481.9,86743.3,92992.5,75353.8,72514.6,75764.9,77544.9,79081.2,102366.6,126473.4
Ukraine,,,,,,,,,,,,,,,,,,,,,,,,,,,,,,,,,,,,,,,,,,,,,,396.7,1745.9,1876.1,1808.2,2241.0,1811.4,1668.7,2069.1,1747.7,1858.5,2147.4,2317.9,2807.0,3149.1,3827.7,3744.6,3430.1,3450.5,3170.5,3550.0,3774.1,4522.9,4942.4,4962.1,4791.0,5779.8,6697.1,7432.2,6879.3,41183.9,62076.2
USSR,,,,,,,,,,,,,,,,,,,,,,,,,,,,,,,,,,,,,,,,,326658.4,302891.0,256241.6,,,,,,,,,,,,,,,,,,,,,,,,,,,,,,,,,
Austria,,,,,,,,,,1293.2,1471.7,1456.1,1365.2,1310.8,1379.9,1691.9,2128.5,1761.0,2023.0,2050.0,2054.4,2114.6,2092.7,2014.5,2088.4,2169.4,2429.5,2700.8,2756.7,2844.6,3082.5,3274.0,3272.5,3171.3,3307.9,3359.4,3390.4,3709.1,3829.5,3682.1,3481.0,3444.8,3483.4,3499.2,3397.5,3430.2,3445.2,3415.0,3383.0,3390.6,3399.9,3469.4,3553.1,3310.6,3252.5,3387.2,3393.2,3320.3,3189.2,3792.6,3675.5,3432.1,3412.3,3334.8,3290.8,3163.0,3188.8,3049.1,3281.4,3445.5,3466.5,3544.8,3952.6,4051.2,3612.7,3981.1
Belgium,,2203.2,2222.4,3289.0,4860.4,4838.8,4991.8,4134.5,4020.1,4191.8,4128.7,4161.9,4254.6,4301.1,4577.6,4718.7,5064.0,4902.3,5294.7,5551.6,5747.4,5785.9,6167.4,6427.3,6774.4,7083.7,7183.0,7821.4,8230.8,8443.0,9006.8,9204.9,9383.3,9466.4,9152.6,8789.9,8416.4,8318.3,8661.5,8716.5,8351.6,8222.1,8066.6,7952.5,6529.9,6200.9,6166.9,6041.0,5926.1,5851.6,5849.9,5926.2,5925.8,5665.2,5493.4,5553.0,5437.3,5239.3,5198.6,5609.5,6115.5,5760.0,5516.8,5323.2,5263.9,5129.6,5046.5,4859.3,4839.4,4842.5,4948.3,5059.0,5508.6,6081.7,6890.2,7245.2
Cyprus,,,,,,,,,,,,,,,,,,,,,,,,,,,,,,,,,,,,,,83.8,111.1,410.7,470.7,483.1,719.0,705.8,966.0,434.0,456.3,409.3,614.2,778.8,695.2,430.0,458.9,541.8,370.4,358.5,372.5,404.7,398.2,377.5,378.7,413.5,429.0,397.5,362.9,327.4,308.8,345.8,316.8,375.9,444.0,480.6,495.3,522.3,532.5,506.4
Denmark,,1099.0,1032.5,1236.0,1694.5,2208.2,2198.2,2167.0,2079.2,2188.0,2120.6,2080.3,2319.2,2376.7,2909.4,2918.8,3025.0,3210.1,3159.3,3156.9,3369.0,3317.0,3499.9,3559.9,3540.3,3367.2,3702.7,4054.3,3968.9,3988.6,4143.8,4169.7,4207.6,4252.6,4375.8,4410.5,4303.6,4206.6,4052.3,4281.1,4366.8,4258.9,4262.2,4339.3,4259.4,4270.9,4164.0,4119.7,4132.7,4185.7,4231.9,4206.1,4068.7,4320.7,4269.0,4144.1,4167.9,3971.2,4340.7,4187.0,4347.7,4088.1,4352.6,4056.9,4183.7,3837.4,3668.8,3630.5,3870.5,3948.6,4517.1,4660.9,4956.7,5049.1,5475.0,7624.6
Finland,,,,,,,,,,,636.2,747.8,786.4,908.6,1274.8,1012.4,998.2,1018.1,1001.4,980.3,1118.3,1022.9,1085.2,1179.5,1356.3,1412.5,1333.1,1547.2,1368.3,1402.8,1459.2,1628.7,1899.7,1776.5,1934.9,2210.4,2032.9,2184.7,2330.9,2321.1,2449.7,2442.9,2486.6,2596.4,2643.8,2569.5,2527.2,2273.8,2517.5,2707.6,2766.7,2410.4,2548.4,2428.4,2476.3,3144.0,3334.0,3430.0,3491.9,3289.9,3546.6,3723.1,3640.7,3699.0,3744.3,3767.9,3574.4,3654.6,3668.9,3606.1,3710.9,3749.5,3907.9,3650.5,4446.4,6847.4
France,,13666.7,14776.9,19791.8,25141.6,28002.1,23869.4,22243.5,28430.0,30432.9,28032.5,28666.5,29424.7,30580.1,31603.9,31019.4,31931.1,32392.9,33368.8,35100.5,35142.1,33614.0,33801.6,34264.3,35160.6,36443.7,36308.7,37937.6,39578.4,41737.2,44102.8,45129.6,46025.9,47171.0,48072.5,48964.3,48673.6,48616.4,50044.5,51510.1,51483.9,52115.0,51884.5,52222.4,50579.4,50019.0,50276.3,47787.5,46650.8,46819.3,45574.9,45958.2,45438.4,45298.3,46229.0,47623.5,48923.7,47920.9,48141.7,48123.5,47773.8,51308.4,48876.2,47422.7,46694.2,46391.7,47199.1,48490.3,50370.3,51033.0,49774.0,50596.4,52053.6,53011.7,53638.7,57124.7
Germany,,,,,,17641.8,17861.4,20638.3,19655.5,23921.3,17919.5,28709.9,30911.8,32867.4,41787.7,46912.5,44983.8,44381.7,43561.6,45315.3,40219.7,44114.7,44616.8,47800.6,51132.6,53094.7,55449.5,55198.3,54799.6,54564.5,56884.6,57678.7,58452.5,59139.4,58376.2,58883.0,58290.7,58415.2,59964.9,61038.1,60549.1,60383.5,63636.4,58891.9,56009.5,50351.4,46958.0,46185.3,45282.2,43610.8,43761.4,44646.1,43941.7,43219.5,43337.0,42744.8,41435.3,34532.9,39879.2,39940.2,40884.6,42432.9,42536.2,41673.8,42864.6,41280.1,41329.0,42038.6,43862.9,45121.0,46366.2,50860.8,54191.9,53715.8,56153.1,61187.4
Greece,,807.8,905.5,1067.2,1030.7,985.4,1061.1,1079.3,1393.9,1452.2,1430.1,1480.7,1572.9,1521.5,1547.2,1586.3,1648.7,1783.4,1935.8,2492.5,2910.8,3294.9,3554.7,3757.4,4005.7,4028.0,5002.5,6435.2,7042.5,7465.9,7626.0,7387.4,6389.3,7562.8,7716.9,7039.4,6909.6,6857.7,5859.9,5847.0,6182.7,5797.0,5860.9,5558.7,5776.7,5638.5,5735.6,5858.3,6209.2,6616.8,7210.3,7548.7,7967.2,7791.8,7643.3,6548.1,7199.3,7785.0,8094.2,8087.8,8991.0,9426.7,7244.0,5832.4,5158.5,4817.0,4777.8,5066.7,5277.9,5273.7,5636.9,5542.7,5912.4,8093.7,8745.4,7227.5
Iceland,,,,,,,,,,,,,,,,,,,,,,,,,,,,,,,,,,,,,,,,,0.0,0.0,0.0,0.0,0.0,0.0,0.0,0.0,0.0,0.0,0.0,0.0,0.0,0.0,0.0,0.0,0.0,0.0,0.0,0.0,0.0,0.0,0.0,0.0,0.0,0.0,0.0,0.0,0.0,0.0,0.0,0.0,0.0,0.0,0.0,0.0
Ireland,,,,,,,,,,,255.1,267.4,284.4,295.7,300.0,303.4,339.3,350.3,333.2,339.2,348.9,364.1,412.1,464.4,551.5,590.3,598.2,726.0,750.0,763.9,817.6,902.5,950.0,909.3,920.8,863.3,835.2,861.1,884.4,826.6,822.1,812.6,922.3,966.3,956.1,963.4,985.3,993.3,1046.4,1108.5,1117.8,1156.3,1186.3,1287.2,1236.2,1185.1,1203.2,1218.8,1208.6,1217.4,1260.9,1244.9,1186.2,1124.5,1065.0,1059.2,1055.4,1058.5,1066.3,1071.9,1095.2,1149.7,1165.3,1215.5,1164.3,1175.0
Italy,,5778.7,6821.9,7728.1,8649.4,7857.3,8618.1,8490.0,8740.0,9016.9,9284.0,9572.4,10052.1,10324.1,11418.8,12708.1,13014.1,13506.9,14494.5,14238.2,14410.4,14223.0,15012.9,16872.0,18726.1,18695.6,18675.1,17388.8,17335.4,18549.9,19352.2,20593.5,20068.1,21104.4,23546.0,24060.7,24771.0,24523.7,26185.9,28491.9,30266.7,30505.6,29341.3,29754.9,28899.8,29053.9,28335.6,25878.9,28515.5,29900.0,30889.2,32097.5,34238.4,33676.1,34596.5,34877.9,34992.1,33665.4,32574.7,31645.2,32955.4,31875.2,30965.0,30323.9,28030.2,26956.8,24885.3,23828.8,26994.2,27769.8,28047.3,27280.5,33492.3,34867.4,34691.9,32634.8
Luxembourg,,24.0,35.0,50.3,81.6,91.6,105.0,114.2,73.1,77.6,75.3,70.4,45.8,50.3,61.0,58.1,75.0,74.5,75.2,61.0,54.0,55.2,56.1,57.0,63.3,69.4,74.9,79.5,85.4,83.7,91.0,93.7,108.8,112.6,113.7,116.2,116.8,113.7,119.6,137.0,156.3,143.1,148.9,164.5,171.7,156.5,172.6,168.4,173.9,187.8,201.5,204.5,208.7,261.8,233.6,247.1,259.6,262.7,257.2,266.7,199.4,197.3,248.8,214.9,209.3,216.8,232.6,274.1,258.8,343.9,354.0,394.2,427.7,381.4,509.9,625.2
Malta,,,,,,,,,,,,,,,,,,,,,,,,,,,,,,,,,,,,,,33.2,34.8,42.6,39.1,38.9,34.2,34.8,41.5,44.1,47.4,47.4,50.6,49.2,45.2,43.7,42.5,45.3,44.8,46.2,48.8,61.5,49.9,50.0,51.3,55.9,57.4,50.5,47.7,49.1,51.5,55.9,64.1,67.1,65.7,81.8,85.8,83.0,78.3,103.6
Netherlands,,3853.7,4684.6,4923.5,5820.1,6177.3,7069.6,7444.8,7973.6,7478.8,6569.9,5907.1,6628.4,7622.6,8092.3,8265.0,9014.0,8689.5,8440.1,9353.9,9246.0,9665.2,9896.7,10350.1,10675.8,10842.3,11339.7,11920.1,11765.9,13113.1,12672.4,13438.0,13074.4,13207.9,14240.3,13054.6,13274.1,13126.1,13313.6,13554.6,13502.0,13629.7,13246.2,12877.1,12803.9,11765.9,11346.5,11024.3,11095.1,10986.2,10949.5,11487.3,11029.4,11319.9,11307.6,11471.0,11554.2,11574.6,12121.1,12284.5,12072.2,12332.7,11813.5,11416.5,10727.7,9992.1,10006.0,9981.8,10493.4,10722.7,11627.2,12895.3,13637.4,14083.7,13632.4,15560.1
Norway,,977.5,858.2,1187.0,1583.5,1992.8,2040.3,1688.8,1649.9,1742.1,1621.5,1715.7,1633.4,1776.6,1962.6,2044.2,2073.0,2402.4,2388.1,2462.9,2610.7,2755.5,2763.1,2832.8,2831.8,2852.1,2928.7,3176.3,3252.1,3318.5,3544.1,3633.8,3668.4,3708.4,3853.0,4020.9,3872.8,4461.8,4320.9,4598.2,4382.5,4498.8,4535.1,4397.9,4766.1,4441.4,4670.0,4217.4,4275.2,4204.2,4482.7,4505.2,4355.6,4384.2,5268.6,5065.3,5193.8,4886.5,4877.1,5188.7,5217.7,5535.8,5449.3,5552.1,5653.2,5784.5,6035.2,5991.3,6218.1,6862.6,7230.1,7649.9,7750.4,7976.9,8697.8,9005.2
Portugal,,591.3,636.1,660.7,721.7,835.3,878.1,939.4,932.5,957.8,979.4,1099.4,1143.8,1833.7,2084.4,2036.0,2219.4,2220.7,2339.9,2871.7,3023.2,2837.7,3157.7,3443.7,3450.7,3261.4,3823.5,2516.5,2015.5,1856.7,1875.4,1906.0,2066.2,2057.0,2060.2,1980.8,1843.4,1865.1,2097.4,2182.8,2423.9,2544.1,2615.4,2695.9,2768.3,2679.9,2607.1,2799.9,2701.0,2755.1,2698.1,2838.2,2922.8,3041.0,3124.0,3035.0,3246.7,3498.3,3375.4,3168.8,3239.6,3466.5,3395.7,3219.7,2821.5,2922.0,2698.8,2829.3,3390.2,2820.8,3168.7,3384.2,3292.8,3723.4,3566.6,3904.2
Spain,,2890.8,2710.1,2564.7,3250.6,3187.2,3203.0,3465.4,3677.3,3848.0,3376.2,3217.0,3861.6,3891.5,4752.7,4477.5,5116.3,5132.7,6170.0,5799.5,7683.1,9064.0,9139.0,8783.9,10467.4,10316.2,11420.0,10411.2,12334.6,12530.4,13045.9,13972.5,14488.0,14715.4,15239.4,17073.3,17489.4,17790.9,16632.3,17601.7,17795.7,17700.3,17954.5,17255.6,16833.1,16402.2,16571.5,16703.0,16175.7,16017.6,16810.0,18472.9,19091.6,18879.7,17500.3,17761.2,18565.3,18796.5,19412.1,20133.1,20022.4,19221.2,19345.9,17846.7,18049.0,15746.2,15723.1,16712.9,15497.3,17150.9,17813.7,17986.5,17973.5,18840.9,20306.6,22293.2
Sweden,,,,,,,,,,,,,3595.4,3772.6,4057.0,4326.0,4548.1,4821.6,4866.4,4743.3,4748.9,4999.2,5134.8,5248.6,5414.4,5431.5,5474.5,5612.6,5609.8,5651.3,5817.2,6034.7,5894.7,5794.1,5653.6,5588.8,5665.7,5749.6,5845.0,5835.6,5928.5,6148.6,6191.3,5752.1,5658.2,5591.7,5499.4,4788.5,4139.4,5534.7,5722.3,5972.9,6155.4,6092.6,5715.2,5673.6,5339.4,5408.9,5324.6,5464.2,4860.1,4766.2,5158.2,4850.0,4951.4,4980.2,5276.3,5333.0,5403.4,5403.2,5581.5,6074.9,6322.1,6968.6,7722.5,8620.0
Switzerland,,,,,,,,,,4029.0,4293.1,4162.8,3898.8,4541.3,5020.3,5230.4,5668.0,5712.9,6004.2,5848.9,5571.4,5948.1,6119.2,6365.0,6484.2,6284.0,6259.3,5904.2,6689.2,6341.9,6352.2,6642.1,6606.5,6595.0,6870.3,6962.0,7035.0,7738.4,7335.0,7056.4,7371.8,7515.4,7970.6,7695.0,7471.9,6634.6,6574.5,6652.1,6294.6,6067.2,6053.0,5602.8,5519.1,5389.9,5159.2,5024.9,4931.7,4854.4,4620.8,4649.9,4762.9,4757.9,4595.8,4718.7,4632.2,5029.4,4556.7,4745.8,4936.3,4965.6,5000.9,5369.5,5831.3,5400.8,5652.3,5817.0
United Kingdom,,,33212.3,39104.9,50023.7,55576.7,52763.4,50238.3,49308.9,47615.0,46366.7,46132.2,47086.1,47040.5,47644.4,48458.1,49770.6,49919.6,49653.2,50922.2,50196.8,47436.5,48861.4,48752.0,51857.0,52029.2,52043.3,54676.9,53875.6,51524.3,53162.1,54824.0,58460.3,57264.5,62432.6,65209.2,68443.2,69086.3,68233.0,67489.0,65098.2,65671.4,65764.9,66524.6,62135.9,59297.6,57666.2,54087.3,53570.2,51667.8,51836.7,51560.4,52598.5,54681.7,57932.5,62057.3,62827.3,63414.8,63705.7,65440.1,68305.0,69399.4,68233.0,65926.2,64095.5,61752.2,60648.1,58316.7,58113.4,58219.6,58657.8,61094.4,62064.9,63008.2,64081.6,69153.2
European Union,,,,,,,,,,,,,,,,,,,,,,,,,,,,,,,,,,,,,,,,,,,,,,,,,,,,,,,,,,,,,,,,,,,,,,,,,,,1283.2,923.6
Bahrain,,,,,,,,,,,,,,,,,,,,,,,,82.5,78.5,83.6,104.3,56.1,73.3,95.8,232.7,303.6,321.5,393.8,470.2,269.3,241.2,251.7,274.0,278.8,323.6,335.3,364.6,398.0,422.8,412.4,416.8,432.4,461.0,450.1,462.9,518.1,514.2,539.8,647.1,739.9,745.2,701.0,768.8,833.2,901.7,1009.1,1007.1,1240.0,1380.3,1523.2,1624.4,1559.0,1583.6,1590.1,1552.4,1567.2,1446.9,1431.5,1381.3,1370.1
Egypt,,,,,,,,,,,,,,,1619.0,2323.0,2993.1,2993.9,2568.1,2690.2,3491.2,4627.1,5480.4,6158.1,5078.2,5159.5,6868.4,6513.3,6745.9,7477.4,6081.3,4591.6,4488.0,5430.0,6004.2,6735.5,7168.5,7182.8,6521.2,5538.8,4362.4,3516.7,3463.2,3485.5,3415.8,3315.3,3477.0,3422.0,3465.2,3546.9,3571.1,3583.0,3830.2,4622.5,5218.9,5332.7,5045.3,5035.5,5152.3,5188.9,4832.3,4690.2,4688.9,4553.6,4430.7,4392.2,4794.6,5083.0,4788.8,4040.8,3970.3,4121.8,4448.2,4811.0,4645.9,4091.2
Iran,,,,,,,,,,,,,289.5,301.2,310.2,362.0,421.1,530.4,681.8,867.4,1138.1,1422.0,1532.4,954.1,829.1,887.6,6152.2,8365.7,9426.9,7894.2,7511.4,4184.2,3392.4,5047.4,5423.1,5086.6,4433.3,4632.6,3710.8,3404.1,3146.8,2327.4,2066.4,1863.1,1616.9,1893.5,2336.9,2292.4,2527.9,2819.7,2821.9,2854.2,3142.3,3498.1,3765.3,4394.7,5679.0,6753.0,8086.1,7435.6,7153.5,7484.7,7615.9,6573.1,6843.4,5511.1,5494.9,5842.5,6707.4,7546.7,6384.6,5516.0,5811.3,7068.1,7334.0,7375.6
Iraq,,,,,,,,,,0.0,0.0,0.1,0.1,0.1,0.1,0.1,0.1,0.1,0.1,0.1,0.1,0.2,0.2,0.2,0.2,0.2,0.4,0.4,0.4,0.4,0.4,,,,,,,,,,,,,,,,,,,,,,,,,,1913.2,2582.5,1853.8,2837.2,3750.4,3574.8,4028.4,4340.9,3947.2,7278.1,6335.2,8677.0,5431.4,6746.0,5730.9,6945.9,5159.9,4969.1,4683.1,4523.3
Israel,,,,,435.4,413.8,506.3,704.8,1359.0,1200.7,1128.6,1197.2,1301.2,1548.4,1985.9,2372.8,2424.3,2536.3,2810.9,4580.6,5804.3,7159.4,9746.5,10536.5,10683.5,15735.9,16140.0,17832.4,16491.3,14074.2,15294.9,13609.9,14424.2,16926.7,15677.0,13956.1,15179.3,14333.3,13374.2,16348.0,16464.7,13013.9,13743.6,18671.3,14094.4,15499.2,14715.3,13672.4,13929.9,13943.4,13745.8,13455.2,14260.8,14858.4,14864.2,14619.5,15107.8,15481.3,15716.2,17622.3,17846.2,17484.2,17607.3,17720.9,18063.5,18627.4,20053.9,20335.1,21412.7,22325.9,22602.4,22737.2,23685.7,24413.7,23406.1,28956.8
Jordan,,,,,,,,,,,,,,,,,,,,988.4,1205.7,,905.6,855.2,945.8,911.9,811.4,796.2,1208.3,932.8,940.0,1059.3,985.2,1069.7,1126.2,1150.8,1108.2,1210.6,1338.9,1341.6,1264.2,1005.6,841.9,1073.0,874.4,917.4,932.0,671.0,888.0,917.1,994.1,1019.0,1046.6,1027.5,995.6,1148.5,1065.6,1059.3,1158.6,1627.9,1881.0,2188.9,2073.9,2038.2,1801.0,1685.5,1755.9,1847.0,2039.5,2163.9,2090.7,2153.7,2171.7,2268.8,2323.3,2386.1
Kuwait,,,,,,,,,,,,,,,,,,,,,,,,,675.2,846.2,2311.4,,,3164.3,2755.2,3087.3,3047.3,3207.9,3791.0,4065.4,4197.0,3954.3,3553.6,3493.0,4394.3,5455.0,21046.9,27428.8,13902.2,6726.5,7136.4,7826.8,6656.3,5071.6,4731.7,4597.6,5367.8,5275.5,5443.8,5866.7,6314.5,6111.0,6041.1,6416.8,5908.1,5743.8,5638.5,6443.0,6972.5,6596.9,6584.0,6631.4,7251.8,7479.4,7849.5,8034.8,7480.9,9220.5,8244.1,7522.5
Lebanon,,,,,,,,,,,,,,,,,,,,,,,,,,,,,,,,,1766.5,1389.3,843.3,1501.4,1769.3,1262.6,984.8,245.1,186.2,,592.7,564.5,1005.6,838.5,1051.9,1077.6,945.6,792.6,763.9,906.2,1019.2,1054.3,980.9,985.6,1002.1,1017.8,1010.6,1109.1,1016.4,1224.9,1309.4,1279.8,1297.2,1363.3,1569.6,1608.8,1887.8,1715.4,1838.8,1601.5,660.2,258.2,218.7,194.7
Oman,,,,,,,,,,,,,,,,,,,,,,,,369.3,621.3,669.3,715.3,1478.2,1581.7,1517.1,1992.9,1556.4,1556.1,1875.8,2036.1,2401.4,2812.3,2997.0,2485.2,2128.0,2112.6,2121.0,2382.9,1974.3,2364.5,2218.9,2357.9,2375.0,2243.7,2322.0,2056.5,2080.6,2477.8,2882.5,2967.7,3120.7,3512.9,4232.6,4510.9,4575.4,4345.0,4084.1,4312.3,5645.4,10144.2,9513.7,8823.5,8087.8,8426.3,7109.4,7837.4,6777.6,6364.0,5946.2,5783.5,5790.9
Qatar,,,,,,,,,,,,,,,,,,,,,,,,,,,,,,,,,2238.3,3526.9,4620.8,2774.6,2652.3,4548.1,,2488.3,2700.8,2257.7,2042.9,2215.9,,,,,,,,,,,1476.9,1489.1,1372.5,1449.3,1556.2,2005.3,2585.7,2284.9,2255.7,,,,,,,,,,,12112.2,15412.1,
Saudi Arabia,,,,,,,,,,,,,,,,885.6,935.5,1340.8,2231.3,2445.7,2424.9,2970.3,3256.6,3870.7,5430.5,7012.4,,,,20603.9,23360.8,30028.2,33567.6,39089.1,43549.2,35359.5,37976.3,31360.4,,27901.0,25536.0,24130.4,30324.4,28918.7,27179.9,28806.2,24863.6,21917.1,21881.7,29716.3,34327.3,30552.6,33673.6,35867.6,31483.0,31706.8,35183.5,42487.3,48399.1,55749.8,54716.9,56231.1,58525.7,59320.6,67134.6,76920.5,90665.4,96710.1,69196.9,77154.4,79809.0,71410.0,68182.2,64758.1,70920.0,73983.9
Syria,,,,,,,,,,,,,,,,,,,,,,,,,,,,,,,,,,,,,,,,,,,,,,,,,,,,,,,,,,,,,,,,,,,,,,,,,,,,
Türkiye,,,,,,928.2,938.8,949.4,879.0,816.7,793.2,944.0,1040.9,1170.4,1246.5,1280.8,1373.6,1439.2,1442.2,1553.8,1737.2,1684.2,1868.1,2140.7,2250.0,2385.6,2674.6,4677.3,4914.1,4731.6,4332.7,3844.4,3984.5,4495.5,4914.5,4649.9,4520.3,4795.6,5388.3,5145.9,4532.6,5244.4,6337.1,6514.4,6852.1,7575.8,7406.8,7609.1,8516.0,8875.4,9299.9,10268.5,9937.6,9110.0,9693.1,9014.2,8376.9,8073.8,8451.5,8149.1,8266.4,8845.1,8688.7,8763.2,8978.3,9220.5,9287.8,9557.2,11205.2,12026.7,15265.2,16227.4,15275.0,14322.0,10779.9,14744.3
United Arab Emirates,,,,,,,,,,,,,,,,,,,,,,,,,,,,,,,,,,,,,,,,,,,,,,,,,,7328.3,8641.2,8933.6,12235.6,11744.6,10538.0,11136.5,12386.7,11300.2,11218.8,11920.7,14521.4,17096.4,21440.8,23290.6,22947.2,28110.2,26526.2,,,,,,,,,
"Yemen, North",,,,,,,,,,,,,,,,,,,,,,,,,,,,,,,,,,,,,,,,,8716.3,8381.9,,,,,,,,,,,,,,,,,,,,,,,,,,,,,,,,,,
Yemen,,,,,,,,,,,,,,,,,,,,,,,,,,,,,,,,,,,,,,,,,,,7734.5,7245.5,7116.2,6158.8,6318.3,4744.3,4319.0,5539.7,5320.3,5767.9,6863.4,7293.8,9237.7,9532.0,7773.9,7991.2,7477.1,8939.7,8592.4,9829.6,9755.8,8846.1,8104.0,7456.6,7174.0,,,,,,,,,