,,SSPI Overall,SSPI Overall Rank,Sustainability Pillar Score,Sustainability Pillar Rank,Market Structure Pillar Score,Market Structure Pillar Rank,Public Goods Pillar Score,Public Goods Pillar Rank,Sus: Ecosystem Category Score,Sus: Ecosystem Category Rank,Sus: Land Category Score,Sus: Land Category Rank,Sus: Energy Category Score,Sus: Energy Category Rank,Sus: Greenhouse Gases Category Score,Sus: Greenhouse Gases Category Rank,Sus: Waste Category Score,Sus: Waste Category Rank,MS: Worker Engagement Category Score,MS: Worker Engagement Category Rank,MS: Worker Wellbeing Category Score,MS: Worker Wellbeing Category Rank,MS: Tax Category Score,MS: Tax Category Rank,MS: Financial Sector Category Score,MS: Financial Sector Category Rank,MS: Inequality Category Score,MS: Inequality Category Rank,PG: Education Category Score,PG: Education Category Rank,PG: Healthcare Category Score,PG: Healthcare Category Rank,PG: Infrastructure Category Score,PG: Infrastructure Category Rank,PG: Rights Category Score,PG: Rights Catgory Rank,PG: Public Safety Category Score,PG: Public Safety Category Rank,PG: Global Role Category Score,PG: Global Role Category Rank,Biodiversity Protection Raw,Biodiversity Protection Score,Biodiversity Protection Year,Biodiversity Protection Rank,IUCN Red List Index Raw,IUCN Red List Index Score,IUCN Red List Index Year,IUCN Red List Index Rank,Sustainable Nitrogen Management Raw,Sustainable Nitrogen Management Score,Sustainable Nitrogen Management Year,Sustainable Nitrogen Management Rank,Water Management Raw,Water Management Score,Water Management Year,Water Management Rank,Stockholm Convention Compliance Raw,Stockholm Convention Compliance Score,Stockholm Convention Compliance Year,Stockholm Convention Compliance Rank,Deforestation Raw,Deforestation Score,Deforestation Year,Deforestation Rank,Carbon Capture Raw,Carbon Capture Score,Carbon Capture Year,Carbon Capture Rank,Alternative Energy Generation Raw,Alternative Energy Generation Score,Alternative Energy Generation Year,Alternative Energy Generation Rank,Energy Intensity Raw,Energy Intensity Score,Energy Intensity Year,Energy Intensity Rank,Air Pollution Raw,Air Pollution Score,Air Pollution Year,Air Pollution Rank,Green Transport Index Raw,Green Transport Index Score,Green Transport Index Year,Green Transport Index Rank,Beef Market Raw,Beef Market Score,Beef Market Year,Beef Market Rank,Energy from Coal Sources Raw,Energy from Coal Sources Score,Energy from Coal Sources Year,Energy from Coal Sources Rank,Municipal Solid Waste Generation Raw,Municipal Solid Waste Generation Score,Municipal Solid Waste Generation Year,Municipal Solid Waste Generation Rank,E-Waste Generation Raw,E-Waste Generation Score,E-Waste Generation Year,E-Waste Generation Rank,Recycling Rate Raw,Recycling Rate Score,Recycling Rate Year,Recycling Rate Rank,Participation in Paid Employment Raw,Participation in Paid Employment Score,Participation in Paid Employment Year,Participation in Paid Employment Rank,Child Worker Engagement Raw,Child Worker Engagement Score,Child Worker Engagement Year,Child Worker Engagement Rank,Collective Bargaining Rights Coverage Raw,Collective Bargaining Rights Coverage Score,Collective Bargaining Rights Coverage Year,Collective Bargaining Rights Coverage Rank,Unemployment Benefits Coverage Raw,Unemployment Benefits Coverage Score,Unemployment Benefits Coverage Year,Unemployment Benefits Coverage Rank,Paid Maternity Leave Raw,Paid Maternity Leave Score,Paid Maternity Leave Year,Paid Maternity Leave Rank,Fatal Workplace Injuries Raw,Fatal Workplace Injuries Score,Fatal Workplace Injuries Year,Fatal Workplace Injuries Rank,Senior Wellbeing Raw,Senior Wellbeing Score,Senior Wellbeing Year,Senior Wellbeing Rank,Corporate Tax Rate Raw,Corporate Tax Rate Score,Corporate Tax Rate Year,Corporate Tax Rate Rank,Tax Revenue Raw,Tax Revenue Score,Tax Revenue Year,Tax Revenue Rank,Tax Evasion Raw,Tax Evasion Score,Tax Evasion Year,Tax Evasion Rank,Financial Stability Raw,Financial Stability Score,Financial Stability Year,Financial Stability Rank,Financial Depth Raw,Financial Depth Score,Financial Depth Year,Financial Depth Rank,Public Access to Financial Sector Raw,Public Access to Financial Sector Score,Public Access to Financial Sector Year,Public Access to Financial Sector Rank,GINI Coefficient After Taxes Raw,GINI Coefficient After Taxes Score,GINI Coefficient After Taxes Year,GINI Coefficient After Taxes Rank,Income Share Ratio Raw,Income Share Ratio Score,Income Share Ratio Year,Income Share Ratio Rank,Primary School Net Enrollment Raw,Primary School Net Enrollment Score,Primary School Net Enrollment Year,Primary School Net Enrollment Rank,Lower Secondary School Net Enrollment Raw,Lower Secondary School Net Enrollment Score,Lower Secondary School Net Enrollment Year,Lower Secondary School Net Enrollment Rank,Primary School Pupil to Teacher Ratio Raw,Primary School Pupil to Teacher Ratio Score,Primary School Pupil to Teacher Ratio Year,Primary School Pupil to Teacher Ratio Rank,Births Attended by Skilled Personnel Raw,Births Attended by Skilled Personnel Score,Births Attended by Skilled Personnel Year,Births Attended by Skilled Personnel Rank,Infant DTP Vaccine Coverage Raw,Infant DTP Vaccine Coverage Score,Infant DTP Vaccine Coverage Year,Infant DTP Vaccine Coverage Rank,"Physicians per 10,000 Raw","Physicians per 10,000 Score","Physicians per 10,000 Year","Physicians per 10,000 Rank",Unment Need for Family Planning Raw,Unment Need for Family Planning Score,Unment Need for Family Planning Year,Unment Need for Family Planning Rank,Child Stunting Raw,Child Stunting Score,Child Stunting Year,Child Stunting Rank,Availability and Quality of Electricity Raw,Availability and Quality of Electricity Score,Availability and Quality of Electricity Year,Availability and Quality of Electricity Rank,Basic Sanitation Services Raw,Basic Sanitation Services Score,Basic Sanitation Services Year,Basic Sanitation Services Rank,Safe Drinking Water Raw,Safe Drinking Water Score,Safe Drinking Water Year,Safe Drinking Water Rank,Internet Access and Quality Raw,Internet Access and Quality Score,Internet Access and Quality Year,Internet Access and Quality Rank,National Transport Network Intensity Raw,National Transport Network Intensity Score,National Transport Network Intensity Year,National Transport Network Intensity Rank,Rule of Law Index Raw,Rule of Law Index Score,Rule of Law Index Year,Rule of Law Index Rank,Quality of Public Services & Government Raw,Quality of Public Services & Government Score,Quality of Public Services & Government Year,Quality of Public Services & Government Rank,Electoral Democracy Index Raw,Electoral Democracy Index Score,Electoral Democracy Index Year,Electoral Democracy Index Rank,Adoption of Key UN Conventions Raw,Adoption of Key UN Conventions Score,Adoption of Key UN Conventions Year,Adoption of Key UN Conventions Rank,Gender Equality Index Raw,Gender Equality Index Score,Gender Equality Index Year,Gender Equality Index Rank,Intentional Homicide Rate Raw,Intentional Homicide Rate Score,Intentional Homicide Rate Year,Intentional Homicide Rate Rank,Global Cybersecurity Index Raw,Global Cybersecurity Index Score,Global Cybersecurity Index Year,Global Cybersecurity Index Rank,Security Apparatus Raw,Security Apparatus Score,Security Apparatus Year,Security Apparatus Rank,Incarceration Rates Raw,Incarceration Rates Score,Incarceration Rates Year,Incarceration Rates Rank,Arms Exports Raw,Arms Exports Score,Arms Exports Year,Arms Exports Rank,Military Expenditure Raw,Military Expenditure Score,Military Expenditure Year,Military Expenditure Rank,Research and Development Raw,Research and Development Score,Research and Development Year,Research and Development Rank,Foreign Aid Raw,Foreign Aid Score,Foreign Aid Year,Foreign Aid Rank
Country,Country Code,SSPI_SCORE,SSPI_RANK,SUS_SCORE,SUS_RANK,MS_SCORE,MS_RANK,PG_SCORE,PG_RANK,SUS_ECO_SCORE,SUS_ECO_RANK,SUS_LND_SCORE,SUS_LND_RANK,SUS_NRG_SCORE,SUS_NRG_RANK,SUS_GHG_SCORE,SUS_GHG_RANK,SUS_WST_SCORE,SUS_WST_RANK,MS_WEN_SCORE,MS_WEN_RANK,MS_WWB_SCORE,MS_WWB_RANK,MS_TAX_SCORE,MS_TAX_RANK,MS_FIN_SCORE,MS_FIN_RANK,MS_NEQ_SCORE,MS_NEQ_RANK,PG_EDU_SCORE,PG_EDU_RANK,PG_HLC_SCORE,PG_HLC_RANK,PG_INF_SCORE,PG_INF_RANK,PG_RTS_SCORE,PG_RTS_RANK,PG_SAF_SCORE,PG_SAF_RANK,PG_GLB_SCORE,PG_GLB_RANK,BIODIV_RAW,BIODIV_SCORE,BIODIV_YEAR,BIODIV_RANK,REDLST_RAW,REDLST_SCORE,REDLST_YEAR,REDLST_RANK,NITROG_RAW,NITROG_SCORE,NITROG_YEAR,NITROG_RANK,WATMAN_RAW,WATMAN_SCORE,WATMAN_YEAR,WATMAN_RANK,STKHLM_RAW,STKHLM_SCORE,STKHLM_YEAR,STKHLM_RANK,DEFRST_RAW,DEFRST_SCORE,DEFRST_YEAR,DEFRST_RANK,CARBON_RAW,CARBON_SCORE,CARBON_YEAR,CARBON_RANK,ALTNRG_RAW,ALTNRG_SCORE,ALTNRG_YEAR,ALTNRG_RANK,NRGINT_RAW,NRGINT_SCORE,NRGINT_YEAR,NRGINT_RANK,AIRPOL_RAW,AIRPOL_SCORE,AIRPOL_YEAR,AIRPOL_RANK,GTRANS_RAW,GTRANS_SCORE,GTRANS_YEAR,GTRANS_RANK,BEEFMK_RAW,BEEFMK_SCORE,BEEFMK_YEAR,BEEFMK_RANK,COALPW_RAW,COALPW_SCORE,COALPW_YEAR,COALPW_RANK,MSWGEN_RAW,MSWGEN_SCORE,MSWGEN_YEAR,MSWGEN_RANK,EWASTE_RAW,EWASTE_SCORE,EWASTE_YEAR,EWASTE_RANK,RECYCL_RAW,RECYCL_SCORE,RECYCL_YEAR,RECYCL_RANK,EMPLOY_RAW,EMPLOY_SCORE,EMPLOY_YEAR,EMPLOY_RANK,CHILDW_RAW,CHILDW_SCORE,CHILDW_YEAR,CHILDW_RANK,COLBAR_RAW,COLBAR_SCORE,COLBAR_YEAR,COLBAR_RANK,UNEMPL_RAW,UNEMPL_SCORE,UNEMPL_YEAR,UNEMPL_RANK,MATERN_RAW,MATERN_SCORE,MATERN_YEAR,MATERN_RANK,FATINJ_RAW,FATINJ_SCORE,FATINJ_YEAR,FATINJ_RANK,SENIOR_RAW,SENIOR_SCORE,SENIOR_YEAR,SENIOR_RANK,CRPTAX_RAW,CRPTAX_SCORE,CRPTAX_YEAR,CRPTAX_RANK,TAXREV_RAW,TAXREV_SCORE,TAXREV_YEAR,TAXREV_RANK,TAXEVA_RAW,TAXEVA_SCORE,TAXEVA_YEAR,TAXEVA_RANK,FSTABL_RAW,FSTABL_SCORE,FSTABL_YEAR,FSTABL_RANK,FDEPTH_RAW,FDEPTH_SCORE,FDEPTH_YEAR,FDEPTH_RANK,PUBACC_RAW,PUBACC_SCORE,PUBACC_YEAR,PUBACC_RANK,GINIPT_RAW,GINIPT_SCORE,GINIPT_YEAR,GINIPT_RANK,ISHRAT_RAW,ISHRAT_SCORE,ISHRAT_YEAR,ISHRAT_RANK,ENRPRI_RAW,ENRPRI_SCORE,ENRPRI_YEAR,ENRPRI_RANK,ENRSEC_RAW,ENRSEC_SCORE,ENRSEC_YEAR,ENRSEC_RANK,PUPTCH_RAW,PUPTCH_SCORE,PUPTCH_YEAR,PUPTCH_RANK,ATBRTH_RAW,ATBRTH_SCORE,ATBRTH_YEAR,ATBRTH_RANK,DPTCOV_RAW,DPTCOV_SCORE,DPTCOV_YEAR,DPTCOV_RANK,PHYSPC_RAW,PHYSPC_SCORE,PHYSPC_YEAR,PHYSPC_RANK,FAMPLN_RAW,FAMPLN_SCORE,FAMPLN_YEAR,FAMPLN_RANK,CSTUNT_RAW,CSTUNT_SCORE,CSTUNT_YEAR,CSTUNT_RANK,AQELEC_RAW,AQELEC_SCORE,AQELEC_YEAR,AQELEC_RANK,SANSRV_RAW,SANSRV_SCORE,SANSRV_YEAR,SANSRV_RANK,DRKWAT_RAW,DRKWAT_SCORE,DRKWAT_YEAR,DRKWAT_RANK,INTRNT_RAW,INTRNT_SCORE,INTRNT_YEAR,INTRNT_RANK,TRNETW_RAW,TRNETW_SCORE,TRNETW_YEAR,TRNETW_RANK,RULELW_RAW,RULELW_SCORE,RULELW_YEAR,RULELW_RANK,PUBSRV_RAW,PUBSRV_SCORE,PUBSRV_YEAR,PUBSRV_RANK,EDEMOC_RAW,EDEMOC_SCORE,EDEMOC_YEAR,EDEMOC_RANK,UNCONV_RAW,UNCONV_SCORE,UNCONV_YEAR,UNCONV_RANK,GENDEQ_RAW,GENDEQ_SCORE,GENDEQ_YEAR,GENDEQ_RANK,MURDER_RAW,MURDER_SCORE,MURDER_YEAR,MURDER_RANK,CYBSEC_RAW,CYBSEC_SCORE,CYBSEC_YEAR,CYBSEC_RANK,SECAPP_RAW,SECAPP_SCORE,SECAPP_YEAR,SECAPP_RANK,PRISON_RAW,PRISON_SCORE,PRISON_YEAR,PRISON_RANK,ARMEXP_RAW,ARMEXP_SCORE,ARMEXP_YEAR,ARMEXP_RANK,MILEXP_RAW,MILEXP_SCORE,MILEXP_YEAR,MILEXP_RANK,RDFUND_RAW,RDFUND_SCORE,RDFUND_YEAR,RDFUND_RANK,FORAID_RAW,FORAID_SCORE,FORAID_YEAR,FORAID_RANK
Argentina,ARG,0.558,35,0.519,32,0.461,37,0.695,36,0.558,32,0.444,36,0.539,27,0.601,37,0.453,17,0.482,29,0.466,37,0.632,16,0.339,49,0.386,35,0.896,15,0.691,44,0.684,41,0.752,35,0.561,44,0.585,34,39.682,0.397,2018,33,0.86,0.720,2018,27,70.69,0.707,2018,3,0.62,0.62,2018,30,66.670,0.667,2015,22,-0.178,0.036,2018,46,5.287,0.187,2018,36,7.930,0.132,2018,35,3.31,0.779,2018,21,11.83,0.704,2016,23,0.624,0.624,2016,14,0.212,0.212,2018,49,1.581,0.968,2018,8,416.70,0.444,2018,16,6.786638238,0.830,2018,10,6.00,0.086,2018,43,86.37,0.546,2017,24,0.38,0.38,2018,34,0.52,0.520,2016,17,7.2,0.072,2016,41,12.86,0.247,2017,38,3.7,0.852,2018,30,0.693,0.693,2018,22,30,0.750,2018,4,10.9555,0.219,2017,42,109.37,0.927,2020,8,5.6,0.440,2018,43,0.089,0.089,2018,49,48.71,0.487,2017,47,41.4,0.572,2018,42,0.41,0.2,2018,30,98.99,0.950,2016,9,98.65,0.955,2016,23,15.73,0.783,2016,29,93.9,0.695,2017,47,86,0.440,2017,46,39.1,0.559,2017,11,10.9,0.891,2018,23,6.53,0.869,2018,36,0.7148,0.715,2018,49,94.84,0.948,2015,38,98.53,0.985,2015,13,0.2759,0.276,2016,42,0.495,0.495,2017,36,0.676,0.676,2018,41,0.18,0.536,2018,41,0.779,0.779,2018,33,10.00,1.000,2019,1,3.0734,0.768,2018,34,5.94,0.703,2016,43,0.41,0.410,2018,49,4.9,0.510,2019,37,230,0.620,2018,40,0,1.000,2018,1,0.8,0.920,2018,7,0.283,0.283,2018,40,0.136,0.136,2018,32
Australia,AUS,0.636,28,0.475,42,0.632,16,0.802,19,0.586,30,0.486,30,0.549,25,0.335,49,0.417,23,0.597,17,0.564,30,0.675,8,0.834,7,0.490,27,0.865,24,0.798,29,0.772,35,0.864,18,0.827,22,0.683,15,53.287,0.533,2018,26,0.82,0.640,2018,37,37.79,0.378,2018,31,0.67,0.67,2018,24,100.000,1.000,2015,1,-0.001,0.331,2018,32,-2.056,0.054,2018,48,7.197,0.120,2018,37,4.39,0.707,2018,37,7.19,0.820,2016,8,0.330,0.330,2016,42,0.343,0.343,2018,45,33.352,0.333,2018,43,560.97,0.252,2018,34,24.1284562,0.397,2018,35,42.10,0.601,2018,6,83.93,0.464,2017,36,0.857,0.857,2018,8,0.47,0.470,2016,19,60.5,0.605,2018,13,7.7,0.148,2018,46,1.6,0.936,2017,13,0.568,0.568,2018,35,30,0.750,2018,4,21.91586,0.438,2017,19,244.36,0.837,2018,28,1,0.900,2018,10,0.605,0.605,2018,9,99.52,0.995,2017,7,34.4,0.712,2014,23,0.48,0.267,2018,27,96.68,0.834,2017,27,98.57,0.952,2017,24,14.9,0.810,2018,23,97,0.850,2016,43,95,0.800,2017,27,34.96,0.499,2017,20,10.2,0.898,2018,20,2.85,0.943,2018,24,0.9061,0.906,2018,33,100,1.000,2015,1,98.8,0.988,2015,11,0.49295,0.493,2016,26,0.471,0.471,2017,39,0.99,0.990,2018,8,1.58,0.816,2018,14,0.865,0.865,2018,20,8.00,0.800,2019,24,3.399,0.850,2018,21,0.94,0.953,2016,21,0.89,0.890,2018,8,2.7,0.730,2019,19,172,0.736,2018,29,38,0.975,2018,26,1.9,0.810,2018,31,0.728,0.728,2018,14,0.218,0.218,2018,24
Austria,AUT,0.736,4,0.614,12,0.745,1,0.848,5,0.736,20,0.630,11,0.650,11,0.683,25,0.372,32,0.796,5,0.882,1,0.658,9,0.748,18,0.640,10,0.934,4,0.829,16,0.854,10,0.883,12,0.880,8,0.711,12,69.282,0.693,2018,20,0.89,0.780,2018,24,71.34,0.713,2018,2,0.68,0.68,2018,21,100.000,1.000,2015,1,0.059,0.432,2018,15,12.602,0.320,2018,25,26.872,0.448,2018,11,2.81,0.813,2018,14,12.43,0.689,2016,25,0.495,0.495,2016,40,0.723,0.723,2018,36,8.533,0.829,2018,23,588.00,0.216,2018,38,18.71947119,0.532,2018,29,25.66,0.367,2018,23,88.66,0.622,2017,9,0.786,0.786,2018,19,0.98,0.980,2016,2,100,1,2018,1,44.8,0.862,2018,3,2,0.920,2016,18,0.748,0.748,2018,13,25,0.625,2018,12,25.35292,0.507,2017,7,284.205,0.843,2018,25,1.6,0.840,2018,19,0.423,0.423,2018,23,98.16,0.982,2017,14,29.7,0.806,2017,11,0.697,0.474,2018,8,97.9,0.895,2016,18,99.73,0.991,2017,8,11.6,0.916,2018,12,98.4,0.920,2017,36,90,0.600,2017,41,52.3,0.747,2017,2,10.1,0.899,2018,19,1.17,0.977,2018,12,0.9697,0.970,2018,13,99.97,1.000,2015,9,98.69,0.987,2015,12,0.49255,0.493,2016,27,0.821,0.821,2017,13,0.955,0.955,2018,23,1.51,0.802,2018,15,0.846,0.846,2018,25,9.00,0.900,2019,5,3.6442,0.911,2018,9,0.66,0.967,2016,13,0.83,0.830,2018,22,1.6,0.840,2019,9,98,0.884,2018,15,7,0.995,2018,19,0.8,0.920,2018,7,0.806,0.806,2018,10,0.122,0.122,2018,33
Belgium,BEL,0.728,5,0.617,11,0.722,6,0.844,9,0.919,6,0.590,15,0.520,32,0.746,12,0.312,38,0.818,3,0.746,7,0.649,11,0.747,19,0.649,8,0.899,14,0.839,13,0.880,5,0.896,9,0.834,20,0.716,11,85.815,0.858,2018,12,0.99,0.980,2018,1,47.61,0.476,2018,23,0.53,0.53,2018,38,100.000,1.000,2015,1,-0.032,0.280,2018,35,31.282,0.660,2018,10,8.199,0.137,2018,34,3.82,0.745,2018,30,12.88,0.678,2016,27,0.577,0.577,2016,30,0.780,0.780,2018,26,5.985,0.880,2018,19,415.00,0.447,2018,15,52.55765494,0.000,2018,45,34.30,0.490,2018,8,84.83,0.494,2017,34,1,1,2018,1,0.96,0.960,2016,3,100,1,2018,1,13.1,0.252,2016,37,1.6,0.936,2015,13,0.797,0.797,2018,5,29,0.725,2018,8,23.28169,0.466,2017,13,517.985,0.758,2018,35,2,0.800,2018,26,0.454,0.454,2018,21,98.64,0.986,2017,11,27.4,0.852,2017,6,0.667,0.445,2018,12,98.29,0.915,2016,14,97.11,0.904,2016,31,12.8,0.877,2018,16,98.91,0.946,2018,27,98,0.920,2017,7,30.11,0.430,2017,29,7.6,0.924,2018,5,1.14,0.977,2018,8,0.9628,0.963,2018,18,99.49,0.995,2015,17,98.37,0.984,2015,14,0.59755,0.598,2016,9,0.862,0.862,2017,7,0.985,0.985,2018,10,1.33,0.766,2018,22,0.891,0.891,2018,8,9.00,0.900,2019,5,3.76,0.940,2018,7,1.95,0.903,2016,34,0.81,0.810,2018,25,2.6,0.740,2019,18,98,0.884,2018,15,21,0.986,2018,23,1.1,0.890,2018,12,0.742,0.742,2018,13,0.247,0.247,2018,20
Brazil,BRA,0.547,38,0.567,28,0.457,40,0.617,42,0.631,26,0.443,37,0.668,7,0.643,32,0.448,19,0.421,33,0.451,38,0.682,7,0.570,36,0.161,48,0.723,40,0.717,43,0.658,43,0.685,39,0.313,49,0.604,30,46.197,0.462,2018,31,0.9,0.800,2018,22,58.83,0.588,2018,15,0.70,0.70,2018,19,66.670,0.667,2015,22,-0.137,0.104,2018,44,3.732,0.159,2018,37,33.130,0.552,2018,5,3.93,0.738,2018,31,11.49,0.713,2016,19,0.617,0.617,2016,17,0.428,0.428,2018,44,5.759,0.885,2018,17,379.24,0.494,2018,11,6.787980769,0.830,2018,11,1.40,0.020,2018,48,79.67,0.322,2017,41,0.23,0.23,2018,42,0.71,0.710,2014,12,7.8,0.078,2016,40,17.14,0.330,2017,30,7.4,0.704,2011,39,0.694,0.694,2018,21,34,0.850,2018,1,12.70474,0.254,2017,36,96,0.943,2018,4,3.1,0.690,2018,34,0.321,0.321,2018,33,70.04,0.700,2017,42,53.9,0.322,2018,48,0.165,0,2018,45,95.47,0.774,2016,33,96.29,0.876,2016,34,23.9,0.519,2018,44,99.1,0.955,2016,24,89,0.560,2017,42,18.52,0.265,2017,43,8.2,0.918,2018,7,5.56,0.889,2018,32,0.8210,0.821,2018,44,86.15,0.862,2015,44,97.47,0.975,2015,23,0.2529,0.253,2016,43,0.380,0.380,2017,46,0.624,0.624,2018,42,-0.18,0.464,2018,47,0.762,0.762,2018,34,9.00,0.900,2019,5,2.6992,0.675,2018,42,29.53,0,2016,48,0.58,0.580,2018,43,7,0.300,2019,45,354,0.372,2018,46,100,0.933,2018,33,1.5,0.850,2018,24,0.350,0.350,2018,36,0.284,0.284,2018,19
Canada,CAN,0.632,30,0.507,34,0.579,23,0.810,17,0.617,27,0.497,29,0.563,21,0.575,42,0.281,42,0.574,20,0.588,24,0.447,41,0.831,8,0.453,29,0.916,13,0.757,39,0.795,31,0.876,15,0.848,15,0.667,19,29.455,0.295,2018,41,0.97,0.940,2018,9,61.78,0.618,2018,11,0.75,0.75,2018,12,83.330,0.833,2015,15,-0.033,0.278,2018,36,-4.629,0.007,2018,49,19.541,0.326,2018,15,7.1,0.527,2018,46,6.48,0.838,2016,5,0.230,0.230,2016,46,0.587,0.587,2018,42,4.590,0.908,2018,15,706.24,0.058,2018,43,20.36879676,0.491,2018,31,20.59,0.294,2018,31,86.99,0.566,2017,17,0.857,0.857,2018,8,0.30,0.300,2016,24,41.2,0.412,2018,24,26.85,0.516,2018,17,6.86,0.726,2001,38,0.700,0.700,2018,20,15,0.375,2018,42,12.52124,0.250,2017,37,425.84,0.716,2018,39,0.4,0.960,2018,1,0.536,0.536,2016,12,99.73,0.997,2017,5,33.3,0.734,2017,21,0.38,0.172,2018,34,99.96,0.998,2016,1,99.95,0.998,2016,1,16.7,0.752,2018,35,97.9,0.895,2017,39,91,0.640,2016,40,25.39,0.363,2017,37,7,0.930,2018,2,2.05,0.959,2018,21,0.9701,0.970,2018,12,98.5,0.985,2015,30,98.99,0.990,2015,8,0.5304,0.530,2016,18,0.499,0.499,2017,35,0.984,0.984,2018,13,1.8,0.860,2018,9,0.849,0.849,2018,24,8.00,0.800,2019,24,3.539,0.885,2018,15,1.68,0.916,2016,32,0.89,0.890,2018,8,2.8,0.720,2019,24,107,0.866,2018,19,115,0.923,2018,35,1.2,0.880,2018,15,0.654,0.654,2018,17,0.209,0.209,2018,25
Chile,CHL,0.548,37,0.479,41,0.468,36,0.698,35,0.408,43,0.412,39,0.516,33,0.649,29,0.409,24,0.238,42,0.565,29,0.620,20,0.662,26,0.256,45,0.715,41,0.743,40,0.748,37,0.842,22,0.635,40,0.502,42,31.649,0.316,2018,39,0.75,0.500,2018,42,32.52,0.325,2018,36,0.68,0.68,2018,22,50.000,0.500,2015,39,0.094,0.490,2018,12,-1.660,0.061,2018,47,18.339,0.306,2018,16,3.49,0.767,2018,25,21.03,0.474,2016,41,0.575,0.575,2016,31,0.735,0.735,2018,33,18.208,0.636,2018,34,387.24,0.484,2018,13,10.45786307,0.739,2018,17,0.37,0.005,2018,49,79.89,0.330,2017,40,0.205,0.205,2018,45,0.18,0.180,2016,33,27,0.27,2018,31,30,0.577,2016,11,3.1,0.876,2018,27,0.539,0.539,2018,37,25,0.625,2018,12,17.41872,0.348,2017,27,168.64,0.888,2018,19,1.9,0.810,2018,22,0.432,0.432,2018,22,74.35,0.744,2017,40,44.4,0.512,2017,44,0.166,0,2018,45,94.78,0.739,2017,37,92.28,0.743,2017,41,19.4,0.665,2018,41,99.7,0.985,2016,16,93,0.720,2017,37,10.33,0.148,2017,46,9.8,0.902,2018,18,1.95,0.961,2018,20,0.9362,0.936,2018,28,99.89,0.999,2015,12,98.15,0.982,2015,18,0.2932,0.293,2016,41,0.531,0.531,2017,34,0.956,0.956,2018,22,1.02,0.704,2018,30,0.863,0.863,2018,21,10.00,1.000,2019,1,2.7516,0.688,2018,39,3.46,0.827,2016,39,0.47,0.470,2018,47,3.8,0.620,2019,34,228,0.624,2018,39,0,1.000,2018,1,2.2,0.780,2018,35,0.133,0.133,2018,48,0.095,0.095,2018,38
China,CHN,0.511,40,0.427,46,0.460,39,0.647,41,0.285,48,0.527,26,0.253,46,0.521,44,0.552,9,0.339,37,0.335,43,0.516,35,0.725,20,0.384,36,0.833,31,0.839,14,0.610,46,0.478,47,0.769,29,0.355,47,8.907,0.089,2018,48,0.74,0.480,2018,45,34.64,0.346,2018,34,0.78,0.78,2018,10,50.000,0.500,2015,39,0.138,0.563,2018,7,19.397,0.444,2018,20,11.103,0.185,2018,27,6.39,0.574,2018,44,49.16,0.000,2016,45,0.636,0.636,2016,10,0.926,0.926,2018,8,62.109,0.000,2018,47,282.19,0.624,2018,4,5.150714286,0.871,2018,5,11.22,0.160,2018,38,77.66,0.255,2018,44,0.352,0.352,2018,35,0.41,0.410,2013,21,23.1,0.231,2017,34,18.29,0.352,2017,26,12.31,0.508,2001,43,0.250,0.250,2018,46,25,0.625,2018,12,9.201,0.184,2016,46,515.79,0.739,2018,38,1.9,0.810,2018,22,0.562,0.562,2018,11,80.23,0.802,2017,35,38.5,0.63,2016,38,0.345,0.138,2018,37,96.93,0.847,2016,25,96.95,0.898,2016,32,16.59,0.755,2017,34,99.9,0.995,2016,4,99,0.960,2017,1,36.25,0.518,2017,17,5.9,0.941,2018,1,11.05,0.779,2018,44,0.8556,0.856,2018,41,75.04,0.750,2015,45,91.29,0.913,2015,37,0.2489,0.249,2016,44,0.283,0.283,2017,49,0.373,0.373,2018,46,0.36,0.572,2018,37,0.077,0.077,2018,48,6.67,0.667,2019,45,2.7958,0.699,2018,38,0.62,0.969,2016,10,0.83,0.830,2018,22,5.6,0.440,2019,39,121,0.838,2018,24,1306,0.129,2018,46,1.9,0.810,2018,31,0.323,0.323,2018,37,0.158,0.158,2018,29
Colombia,COL,0.483,46,0.525,31,0.376,46,0.547,48,0.492,36,0.348,44,0.600,18,0.599,38,0.587,6,0.267,40,0.223,48,0.684,6,0.487,43,0.219,47,0.416,47,0.552,47,0.631,44,0.589,43,0.400,47,0.696,13,48.327,0.483,2018,30,0.75,0.500,2018,44,22.33,0.223,2018,43,0.55,0.55,2018,35,66.670,0.667,2015,22,-0.072,0.213,2018,40,-0.174,0.088,2018,45,22.859,0.381,2018,12,2.29,0.847,2018,4,17.17,0.571,2016,35,0.204,0.20,2016,47,0.785,0.785,2018,23,9.648,0.807,2018,25,261.82,0.651,2018,3,5.434566185,0.864,2018,6,17.20,0.246,2018,34,84.8,0.493,2017,35,0.15,0.15,2018,46,0.16,0.157,2016,38,4.6,0.046,2016,44,18.00,0.346,2018,27,18.00,0.280,2015,47,0.218,0.218,2018,48,33.00,0.825,2018,3,14.40,0.288,2016,32,92.25,0.939,2018,5,3.7,0.630,2018,37,0.374,0.37,2017,30,45.76,0.458,2017,48,50.4,0.392,2018,47,0.248,0.046,2018,41,92.92,0.646,2017,43,72.87,0.096,2016,49,24.32,0.506,2016,45,97.50,0.875,2017,42,92.00,0.680,2017,39,20.80,0.297,2017,42,9.30,0.907,2018,14,66.90,0.000,2018,49,0.8402,0.840,2018,43,71.00,0.710,2015,47,89.60,0.896,2017,38,0.2339,0.234,2016,45,0.473,0.473,2017,37,0.72,0.716,2019,38,0.07,0.514,2019,44,0.67,0.67,2019,39,8.67,0.867,2019,23,0.72,0.181,2018,49,25.34,0,2018,48,0.57,0.57,2018,45,6.60,0.340,2018,44,193,0.694,2018,33,0.00,1.000,2017,1,3.10,0.690,2018,42,0.09,0.09,2018,49,1.000,1.000,2018,1
Czech Republic,CZE,0.691,13,0.640,5,0.651,12,0.781,24,0.937,4,0.683,2,0.495,35,0.580,40,0.504,12,0.627,16,0.688,13,0.556,32,0.610,31,0.773,1,0.848,27,0.844,10,0.849,12,0.817,29,0.723,35,0.607,28,93.414,0.934,2018,3,0.97,0.940,2018,9,62.17,0.622,2018,8,0.73,0.73,2018,14,66.670,0.667,2015,22,2.094,1.000,2018,1,16.789,0.396,2018,22,8.980,0.150,2018,30,4.28,0.715,2018,35,15.15,0.621,2016,29,0.579,0.579,2016,28,0.870,0.870,2018,14,35.390,0.292,2018,44,500.00,0.333,2018,27,7.45859142,0.814,2018,12,25.50,0.364,2018,24,89.06,0.635,2017,8,0.786,0.786,2018,19,0.46,0.460,2016,20,45.7,0.457,2018,20,37.36,0.718,2018,6,2.5,0.900,2015,23,0.676,0.676,2018,24,19,0.475,2018,36,14.87736,0.298,2017,31,207.55,0.895,2018,16,2.9,0.710,2018,32,0.309,0.309,2018,34,80.99,0.810,2017,34,24.9,0.902,2017,2,0.875,0.643,2018,1,97.5,0.875,2016,20,99.91,0.997,2016,4,19.2,0.671,2018,39,99.8,0.990,2017,12,96,0.840,2017,19,36.8,0.526,2017,15,8.6,0.914,2018,11,2.58,0.948,2018,22,0.9641,0.964,2018,17,99.14,0.991,2015,23,97.58,0.976,2015,22,0.50855,0.509,2016,23,0.807,0.807,2017,15,0.850,0.850,2018,33,1.06,0.712,2018,29,0.812,0.812,2018,32,9.00,0.900,2019,5,3.252,0.813,2018,30,0.61,0.97,2016,9,0.57,0.570,2018,44,3.2,0.680,2019,28,203,0.674,2018,37,89,0.941,2018,32,1.2,0.880,2018,15,0.576,0.576,2018,21,0.031,0.031,2018,45
Denmark,DNK,0.754,1,0.638,7,0.739,2,0.885,2,0.929,5,0.637,7,0.702,4,0.700,21,0.222,49,0.745,8,0.799,3,0.705,4,0.798,13,0.648,9,0.933,5,0.812,24,0.897,3,0.905,4,0.905,2,0.857,3,91.762,0.918,2018,4,0.97,0.940,2018,9,67.02,0.670,2018,6,0.38,0.38,2018,43,83.330,0.833,2015,15,0.386,0.977,2018,2,12.923,0.326,2018,24,30.089,0.501,2018,7,2.14,0.857,2018,3,10.12,0.747,2016,14,0.623,0.623,2016,16,0.671,0.671,2018,40,9.683,0.806,2018,26,844.00,0.000,2018,46,28.9786825,0.276,2018,39,27.27,0.390,2018,15,86.17,0.539,2017,30,0.857,0.857,2018,8,0.84,0.840,2015,8,93.7,0.937,2018,8,27.56,0.530,2018,15,1,0.960,2015,4,0.769,0.769,2018,8,22,0.550,2018,24,33.36881,0.667,2017,1,196.56,0.897,2018,14,1.7,0.830,2018,20,0.566,0.566,2018,10,99.92,0.999,2017,1,28.7,0.826,2017,9,0.694,0.47,2018,10,98.69,0.935,2016,11,98.74,0.958,2016,21,11.9,0.906,2018,13,94.7,0.735,2017,46,98,0.920,2017,7,36.6,0.523,2017,16,9.5,0.905,2018,16,1.11,0.978,2018,6,0.9849,0.985,2018,4,99.6,0.996,2015,16,96.74,0.967,2015,26,0.68545,0.685,2016,2,0.850,0.850,2017,9,0.999,0.999,2018,1,1.89,0.878,2018,3,0.913,0.913,2018,1,8.00,0.800,2019,24,3.7486,0.937,2018,8,0.98,0.951,2016,22,0.85,0.850,2018,17,1.3,0.870,2019,6,65,0.950,2018,7,31,0.979,2018,25,1.4,0.860,2018,20,1.000,1.000,2018,1,0.590,0.590,2018,10
Estonia,EST,0.665,20,0.602,16,0.601,20,0.792,23,0.966,2,0.554,25,0.604,16,0.482,46,0.405,25,0.531,24,0.563,31,0.616,22,0.749,17,0.545,19,0.842,30,0.786,32,0.841,15,0.850,20,0.795,27,0.638,21,95.120,0.951,2018,2,0.99,0.980,2018,1,40.75,0.408,2018,27,0.78,0.78,2018,9,83.330,0.833,2015,15,0.086,0.477,2018,14,9.693,0.267,2018,30,21.021,0.350,2018,13,5.54,0.631,2018,42,6.74,0.832,2016,6,0.563,0.563,2016,34,0.883,0.883,2018,12,70.855,0.000,2018,47,369.00,0.508,2018,10,25.86481128,0.353,2018,37,24.74,0.353,2018,26,88.47,0.616,2017,11,0.786,0.786,2018,19,0.19,0.190,2015,32,47.5,0.475,2018,19,34.11,0.656,2018,7,4,0.840,2016,33,0.280,0.280,2018,45,20,0.500,2018,30,20.98127,0.420,2017,20,145.735,0.929,2018,6,0.4,0.960,2018,1,0.308,0.308,2018,35,97.99,0.980,2017,15,30.4,0.792,2017,13,0.513,0.298,2018,25,93.48,0.674,2016,41,99.53,0.984,2016,13,13.1,0.868,2018,17,99.2,0.960,2017,23,93,0.720,2017,37,34.3,0.490,2017,23,13.1,0.869,2018,35,5.52,0.890,2018,31,0.9138,0.914,2018,32,99.61,0.996,2015,15,81.69,0.817,2015,45,0.55405,0.554,2016,14,0.923,0.923,2017,4,0.981,0.981,2018,15,1.12,0.724,2018,24,0.901,0.901,2018,3,8.00,0.800,2019,24,3.3742,0.844,2018,22,3.19,0.841,2016,36,0.91,0.910,2018,4,2.7,0.730,2019,19,191,0.698,2018,32,0,1.000,2018,1,1.7,0.830,2018,29,0.569,0.569,2018,23,0.154,0.154,2018,30
Finland,FIN,0.718,7,0.597,17,0.708,7,0.848,6,0.837,13,0.555,24,0.679,6,0.688,24,0.228,46,0.769,6,0.768,6,0.606,23,0.757,16,0.639,11,0.925,9,0.782,33,0.861,9,0.900,8,0.878,9,0.742,6,69.452,0.695,2018,19,0.99,0.980,2018,1,49.97,0.500,2018,18,0.56,0.56,2018,34,100.000,1.000,2015,1,-0.133,0.111,2018,43,27.969,0.599,2018,14,32.541,0.542,2018,6,5.37,0.642,2018,40,5.88,0.853,2016,2,0.586,0.586,2016,26,0.742,0.742,2018,32,13.134,0.737,2018,30,566.00,0.245,2018,35,38.5764288,0.036,2018,44,28.12,0.402,2018,13,86.76,0.559,2017,19,0.857,0.857,2018,8,0.89,0.890,2015,7,100,1,2018,1,19.62,0.377,2018,25,1.4,0.944,2015,11,0.749,0.749,2018,12,20,0.500,2018,30,20.764,0.415,2017,21,189.115,0.903,2018,12,1.4,0.860,2018,17,0.412,0.412,2018,25,99.79,0.998,2017,2,27.4,0.852,2017,6,0.646,0.425,2018,14,99.06,0.953,2016,8,99.14,0.971,2016,18,13.6,0.852,2018,18,99.9,0.995,2017,4,89,0.560,2017,42,32,0.457,2017,26,8,0.920,2018,6,1.14,0.977,2018,8,0.9766,0.977,2018,8,99.45,0.995,2015,18,96.85,0.969,2015,25,0.569,0.569,2016,12,0.799,0.799,2017,17,0.992,0.992,2018,7,1.85,0.870,2018,6,0.88,0.880,2018,10,8.00,0.800,2019,24,3.83,0.958,2018,2,1.42,0.929,2016,30,0.86,0.860,2018,16,2.5,0.750,2019,17,53,0.974,2018,4,45,0.970,2018,28,1.5,0.850,2018,24,0.915,0.915,2018,5,0.232,0.232,2018,22
France,FRA,0.700,10,0.593,20,0.727,5,0.779,26,0.754,19,0.657,4,0.556,23,0.747,10,0.253,44,0.837,1,0.781,4,0.688,5,0.720,22,0.609,14,0.844,28,0.821,21,0.820,22,0.895,10,0.839,18,0.455,45,76.756,0.768,2018,16,0.87,0.740,2018,26,67.77,0.678,2018,5,0.63,0.63,2018,29,100.000,1.000,2015,1,0.106,0.511,2018,10,20.631,0.466,2018,19,11.208,0.187,2018,26,3.4,0.773,2018,23,11.64,0.709,2016,21,0.612,0.612,2016,19,0.702,0.702,2018,38,3.634,0.927,2018,13,548.00,0.269,2018,33,33.08508359,0.173,2018,43,22.26,0.318,2018,29,87.74,0.591,2017,13,0.929,0.929,2018,4,0.99,0.990,2014,1,100,1,2018,1,18,0.346,2018,27,2.6,0.896,2015,25,0.882,0.882,2018,1,33.33,0.833,2018,2,23.8061,0.476,2017,11,464.59,0.756,2018,36,2.6,0.740,2018,30,0.479,0.479,2018,18,94,0.940,2017,21,31.6,0.768,2017,15,0.671,0.449,2018,11,98.56,0.928,2016,12,98,0.933,2016,30,19.2,0.671,2018,39,98,0.900,2017,37,96,0.840,2017,19,32.4,0.463,2017,24,7.1,0.929,2018,3,1.22,0.976,2018,14,0.9830,0.983,2018,6,98.65,0.987,2015,29,93.31,0.933,2015,35,0.53615,0.536,2016,17,0.662,0.662,2017,28,0.964,0.964,2018,19,1.41,0.782,2018,17,0.88,0.880,2018,10,9.00,0.900,2019,5,3.7938,0.948,2018,5,1.35,0.933,2016,28,0.92,0.920,2018,3,3.5,0.650,2019,30,114,0.852,2018,22,1996,0.000,2018,47,2.3,0.770,2018,36,0.661,0.661,2018,16,0.389,0.389,2018,16
Germany,DEU,0.703,9,0.621,9,0.654,11,0.834,12,0.871,10,0.635,9,0.574,20,0.648,30,0.377,31,0.712,11,0.854,2,0.417,44,0.761,15,0.524,22,0.893,16,0.857,6,0.832,19,0.905,5,0.872,11,0.643,20,78.197,0.782,2018,15,0.98,0.960,2018,8,61.21,0.612,2018,13,0.66,0.66,2018,26,100.000,1.000,2015,1,0.007,0.345,2018,21,25.811,0.560,2018,16,12.284,0.205,2018,24,2.87,0.809,2018,15,11.71,0.707,2016,22,0.600,0.600,2016,21,0.797,0.797,2018,21,22.634,0.547,2018,38,609.00,0.188,2018,40,29.65237548,0.259,2018,40,47.83,0.683,2018,4,87.32,0.577,2017,14,1,1,2018,1,0.56,0.560,2016,15,100,1,2018,1,38.7,0.744,2018,5,1,0.960,2015,4,0.713,0.713,2018,18,15,0.375,2018,42,11.46977,0.229,2017,40,614.975,0.648,2018,40,1.2,0.880,2018,13,0.410,0.410,2018,27,99.14,0.991,2017,9,31.9,0.762,2016,16,0.5,0.285,2018,26,98.83,0.942,2016,10,98.26,0.942,2016,27,15.3,0.797,2018,26,98.7,0.935,2017,34,96,0.840,2017,19,41.9,0.599,2017,7,7.1,0.929,2018,3,0.96,0.981,2018,1,0.9411,0.941,2018,26,99.22,0.992,2015,22,99.22,0.992,2015,6,0.5675,0.568,2016,13,0.666,0.666,2017,26,0.994,0.994,2018,4,1.74,0.848,2018,11,0.878,0.878,2018,13,9.00,0.900,2019,5,3.6178,0.904,2018,13,1.18,0.941,2016,26,0.85,0.850,2018,17,2.3,0.770,2019,15,77,0.926,2018,10,1073,0.285,2018,45,1.4,0.860,2018,20,0.800,0.800,2018,11,0.626,0.626,2018,9
Greece,GRC,0.618,32,0.549,30,0.534,31,0.771,29,0.791,16,0.333,45,0.550,24,0.691,22,0.378,29,0.380,35,0.613,20,0.731,1,0.422,46,0.522,23,0.805,34,0.923,1,0.795,30,0.807,31,0.739,34,0.558,37,88.227,0.882,2018,7,0.85,0.700,2018,31,49.5,0.495,2018,20,0.51,0.51,2018,40,0.000,0.000,2015,49,0.131,0.552,2018,8,0.739,0.104,2018,40,14.454,0.241,2018,20,3,0.800,2018,16,15.69,0.608,2016,33,0.663,0.663,2016,7,0.828,0.828,2018,16,20.855,0.583,2018,36,524.00,0.301,2018,32,17.58625767,0.560,2018,28,19.00,0.271,2018,33,85,0.500,2017,32,0.385,0.385,2018,33,0.255,0.255,2016,28,26.4,0.264,2018,32,21.29,0.409,2018,22,1.2,0.952,2016,7,0.827,0.827,2018,3,29,0.725,2018,8,25.97194,0.519,2017,5,86.29,0.949,2018,3,38.5,0.000,2018,49,0.412,0.412,2018,26,85.47,0.855,2017,31,34.4,0.712,2017,23,0.548,0.331,2018,21,92.91,0.646,2016,44,93.24,0.775,2016,40,9.2,0.994,2018,2,99.9,0.995,2017,4,99,0.960,2017,1,62.6,0.894,2017,1,20.9,0.791,2018,49,1.26,0.975,2018,16,0.8858,0.886,2018,37,98.96,0.990,2015,26,98.9,0.989,2015,9,0.3845,0.385,2016,38,0.728,0.728,2017,22,0.891,0.891,2018,32,0.21,0.542,2018,40,0.858,0.858,2018,23,9.00,0.900,2019,5,3.3734,0.843,2018,23,0.75,0.963,2016,18,0.53,0.530,2018,46,4.3,0.570,2019,35,93,0.894,2018,13,0,1.000,2018,1,2.7,0.730,2018,40,0.495,0.495,2018,26,0.007,0.007,2018,47
Hungary,HUN,0.652,24,0.642,3,0.561,26,0.753,33,0.849,12,0.483,31,0.504,34,0.799,4,0.575,7,0.478,31,0.606,21,0.507,36,0.599,33,0.615,12,0.803,35,0.842,11,0.808,26,0.674,40,0.796,26,0.593,33,83.821,0.838,2018,13,0.93,0.860,2018,19,69.15,0.692,2018,4,0.77,0.77,2018,11,33.330,0.333,2015,44,-0.006,0.324,2018,34,11.351,0.297,2018,27,8.803,0.147,2018,31,3.66,0.756,2018,26,15.62,0.610,2016,32,0.623,0.623,2016,15,0.942,0.942,2018,4,8.350,0.833,2018,22,387.00,0.484,2018,12,5.124489391,0.872,2018,4,25.94,0.371,2018,21,86.86,0.562,2017,18,0.643,0.643,2018,28,0.23,0.230,2014,30,26.3,0.263,2018,33,27.38,0.527,2018,16,1.8,0.928,2016,15,0.708,0.708,2018,19,9,0.225,2018,47,22.92921,0.459,2017,16,346.865,0.839,2018,26,1.5,0.850,2018,18,0.199,0.199,2018,45,74.94,0.749,2017,39,30.6,0.788,2017,14,0.664,0.442,2018,13,91.39,0.570,2016,47,96.36,0.879,2016,33,10.2,0.961,2018,5,99.7,0.985,2017,16,99,0.960,2017,1,30.9,0.441,2017,27,11.1,0.889,2018,24,3.19,0.936,2018,29,0.8640,0.864,2018,40,97.99,0.980,2015,33,81.54,0.815,2015,46,0.54555,0.546,2016,15,0.836,0.836,2017,11,0.679,0.679,2018,40,0.45,0.590,2018,36,0.489,0.489,2018,42,8.00,0.800,2019,24,3.2512,0.813,2018,31,2.07,0.897,2016,35,0.81,0.810,2018,25,2.7,0.730,2019,19,167,0.746,2018,28,0,1.000,2018,1,1,0.900,2018,10,0.369,0.369,2018,34,0.102,0.102,2018,36
Iceland,ISL,0.723,6,0.603,15,0.729,4,0.836,11,0.477,38,0.636,8,0.667,8,0.781,5,0.456,16,0.823,2,0.774,5,0.630,17,0.686,25,0.733,2,0.968,2,0.769,38,0.797,28,0.877,14,0.841,17,0.762,5,23.381,0.234,2018,43,0.86,0.720,2018,27,59.78,0.598,2018,14,0.79,0.79,2018,8,50.000,0.500,2015,39,0.095,0.491,2018,11,39.176,0.803,2018,6,77.871,1.000,2018,1,12.78,0.148,2018,49,5.94,0.852,2016,4,0.587,0.587,2016,25,0.792,0.792,2018,22,1.848,0.963,2018,9,656.00,0.125,2018,42,22.13162493,0.447,2018,33,55.81,0.797,2018,3,91.32,0.711,2017,2,0.857,0.857,2018,8,0.90,0.900,2016,5,100,1,2018,1,17.7,0.340,2018,29,0,1.000,2013,1,0.754,0.754,2018,11,20,0.500,2018,30,24.1565,0.483,2017,10,139.69,0.907,2018,11,2.8,0.720,2018,31,0.400,0.400,2018,29,93.71,0.937,2017,24,26.8,0.864,2015,4,0.832,0.601,2018,3,99.45,0.973,2016,5,99.86,0.995,2016,7,11,0.935,2018,8,97.9,0.895,2016,39,89,0.560,2017,42,37.9,0.541,2017,13,12.8,0.872,2018,33,1.1,0.978,2018,5,0.9760,0.976,2018,10,98.78,0.988,2015,28,98.28,0.983,2015,15,0.57675,0.577,2016,11,0.464,0.464,2017,40,0.985,0.985,2018,10,1.41,0.782,2018,17,0.878,0.878,2018,13,8.00,0.800,2019,24,3.762,0.941,2018,6,0.3,0.985,2016,2,0.45,0.450,2018,48,0.7,0.930,2019,1,37,1.000,2018,1,0,1.000,2018,1,0,1.000,2018,1,0.818,0.818,2018,8,0.231,0.231,2018,23
India,IND,0.430,49,0.447,43,0.355,48,0.489,49,0.243,49,0.454,33,0.337,43,0.582,39,0.618,3,0.207,47,0.218,49,0.588,26,0.404,47,0.357,40,0.279,48,0.347,49,0.444,49,0.631,41,0.710,38,0.524,39,14.622,0.146,2018,46,0.67,0.340,2018,47,21.98,0.220,2018,44,0.62,0.62,2018,31,83.330,0.833,2015,15,0.004,0.340,2018,23,9.268,0.259,2018,31,18.250,0.304,2018,17,4.4,0.707,2018,38,65.2,0.000,2016,45,0.676,0.676,2016,3,0.971,0.971,2018,1,44.990,0.100,2018,45,140.28,0.813,2018,1,1.259259259,0.969,2018,1,5.00,0.071,2018,44,77.66,0.255,2018,44,0.285,0.285,2018,40,0.08,0.080,2011,44,0,0,2020,47,26,0.500,2017,18,116.8,0.000,2007,49,0.370,0.370,2018,44,30,0.750,2018,4,11.18208,0.224,2017,41,316.62,0.789,2018,32,8.8,0.120,2018,47,0.292,0.292,2018,38,79.88,0.799,2017,36,35.7,0.686,2011,31,0.23,0.028,2018,43,92.25,0.613,2013,45,74.63,0.154,2016,47,37.83282,0.070,2019,49,81.4,0.070,2016,49,89,0.560,2017,42,7.6,0.109,2017,48,18,0.820,2018,43,41.29,0.174,2018,48,0.8103,0.810,2018,46,44.15,0.442,2015,49,49.47,0.495,2015,48,0.10245,0.102,2016,49,0.371,0.371,2017,47,0.736,0.736,2018,37,0.1,0.520,2018,43,0.522,0.522,2018,41,6.67,0.667,2019,45,2.85,0.713,2018,37,3.22,0.839,2016,37,0.72,0.720,2018,37,7.2,0.280,2019,46,33,1.000,2018,1,44,0.971,2018,27,2.7,0.730,2018,40,0.197,0.197,2018,45,0.196,0.196,2018,27
Indonesia,IDN,0.503,42,0.510,33,0.392,42,0.606,43,0.401,44,0.379,41,0.533,29,0.690,23,0.548,10,0.208,46,0.290,46,0.566,30,0.478,44,0.416,32,0.561,46,0.425,48,0.584,47,0.613,42,0.763,30,0.690,14,30.203,0.302,2018,40,0.75,0.500,2018,42,37.98,0.380,2018,30,0.66,0.66,2018,25,66.670,0.667,2015,22,-0.204,0.000,2018,48,5.345,0.188,2018,35,12.117,0.202,2018,25,3.19,0.787,2018,19,15.58,0.611,2016,31,0.579,0.579,2016,27,0.964,0.964,2018,2,23.638,0.527,2018,39,249.70,0.667,2018,2,4.881226054,0.878,2018,3,7.00,0.100,2018,42,77.66,0.255,2017,44,0.27,0.27,2018,41,0.10,0.100,2008,42,0,0,2020,47,26,0.500,2017,18,18.65,0.254,2001,48,0.406,0.406,2018,41,25,0.625,2018,12,9.879193,0.198,2017,45,188.79,0.874,2018,21,2.4,0.760,2018,29,0.186,0.186,2018,46,48.86,0.489,2017,46,37.8,0.644,2018,37,0.397,0.187,2018,32,91.91,0.596,2017,46,79.44,0.315,2015,46,16.06,0.772,2017,30,93.6,0.680,2016,48,79,0.160,2017,49,2,0.029,2017,49,11.4,0.886,2018,25,31.5,0.370,2018,47,0.8092,0.809,2018,47,67.89,0.679,2015,48,88.79,0.888,2015,39,0.17435,0.174,2016,48,0.370,0.370,2017,48,0.559,0.559,2018,44,0.01,0.502,2018,46,0.597,0.597,2018,40,8.67,0.867,2019,21,2.1642,0.541,2018,45,0.5,0.975,2016,5,0.78,0.780,2018,31,5.9,0.410,2019,40,96,0.888,2018,14,15,0.990,2018,22,0.6,0.940,2018,3,0.166,0.166,2018,47,0.662,0.662,2018,7
Ireland,IRL,0.655,23,0.594,19,0.563,25,0.807,18,0.854,11,0.748,1,0.615,14,0.531,43,0.225,47,0.531,23,0.694,12,0.421,42,0.620,29,0.547,18,0.859,25,0.819,23,0.839,17,0.852,19,0.848,16,0.626,25,86.781,0.868,2018,10,0.92,0.840,2018,20,61.94,0.619,2018,10,0.90,0.90,2018,3,83.330,0.833,2015,15,0.326,0.876,2018,3,22.997,0.509,2018,18,8.729,0.145,2018,33,1.41,0.906,2018,1,8.26,0.794,2016,11,0.543,0.543,2016,36,0.264,0.264,2018,47,10.665,0.787,2018,27,598.00,0.203,2018,39,43.7353975,0.000,2018,45,33.00,0.471,2018,9,81.91,0.397,2017,38,0.857,0.857,2018,8,0.34,0.340,2016,23,100,1,2018,1,6.9,0.133,2018,47,2.5,0.900,2015,23,0.743,0.743,2018,16,12.5,0.313,2018,46,18.27007,0.365,2017,24,875.97,0.587,2018,42,3.8,0.620,2018,38,0.288,0.288,2018,39,95.34,0.953,2017,19,32.8,0.744,2016,19,0.566,0.349,2018,19,95.87,0.794,2016,31,99.63,0.988,2016,10,15.3,0.797,2018,26,99.7,0.985,2016,16,95,0.800,2017,27,29.61,0.423,2017,30,9.2,0.908,2018,13,1.16,0.977,2018,11,0.9512,0.951,2018,22,92.18,0.922,2015,41,98.88,0.989,2015,10,0.5021,0.502,2016,25,0.831,0.831,2017,12,0.984,0.984,2018,13,1.35,0.770,2018,20,0.88,0.880,2018,10,7.67,0.767,2019,40,3.443,0.861,2018,19,0.8,0.96,2016,19,0.78,0.780,2018,31,2.7,0.730,2019,19,80,0.920,2018,11,0,1.000,2018,1,0.6,0.940,2018,3,0.426,0.426,2018,30,0.138,0.138,2018,31
Israel,ISR,0.560,34,0.419,47,0.527,32,0.736,34,0.351,46,0.275,46,0.466,38,0.623,36,0.380,27,0.384,34,0.545,33,0.619,21,0.723,21,0.363,39,0.811,33,0.841,12,0.831,20,0.792,32,0.674,39,0.465,44,18.185,0.182,2018,45,0.76,0.520,2018,41,26.03,0.260,2018,42,0.24,0.24,2018,46,66.670,0.667,2015,22,-0.160,0.066,2018,45,2.762,0.141,2018,39,3.653,0.061,2018,43,2.65,0.823,2018,11,19.46,0.514,2016,38,0.627,0.627,2016,11,0.665,0.665,2018,41,21.143,0.577,2018,37,644.38,0.141,2018,41,14.31963819,0.642,2018,24,25.00,0.357,2018,25,82.81,0.427,2017,37,0.465,0.465,2018,31,0.26,0.260,2012,26,42,0.42,2018,23,15,0.288,2018,35,1.3,0.948,2018,9,0.525,0.525,2018,38,23,0.575,2018,22,24.57962,0.492,2017,9,313.55,0.791,2018,30,1.2,0.880,2018,13,0.361,0.361,2018,31,92.81,0.928,2017,27,39,0.62,2016,39,0.311,0.106,2018,38,97.02,0.851,2017,23,93.65,0.788,2017,39,15.4,0.794,2018,28,98.9,0.945,2018,32,98,0.920,2017,7,35.76,0.511,2017,18,14.2,0.858,2018,39,1.44,0.971,2018,17,0.9536,0.954,2018,21,100,1.000,2015,1,99.39,0.994,2015,5,0.3957,0.396,2016,36,0.810,0.810,2017,14,0.904,0.904,2018,31,1.35,0.770,2018,20,0.7,0.700,2018,36,7.67,0.767,2019,40,3.2844,0.821,2018,27,1.36,0.932,2016,29,0.78,0.780,2018,31,6.3,0.370,2019,42,234,0.612,2018,41,704,0.531,2018,41,6.2,0.380,2018,48,0.845,0.845,2018,7,0.103,0.103,2018,35
Italy,ITA,0.658,22,0.587,22,0.609,19,0.777,28,0.794,15,0.572,18,0.560,22,0.777,6,0.235,45,0.687,12,0.657,16,0.638,13,0.512,41,0.550,17,0.919,11,0.824,18,0.791,32,0.822,28,0.795,27,0.511,41,78.762,0.788,2018,14,0.9,0.800,2018,22,49.03,0.490,2018,21,0.53,0.53,2018,39,66.670,0.667,2015,22,0.182,0.637,2018,6,24.195,0.531,2018,17,13.592,0.227,2018,23,2.48,0.835,2018,7,15.28,0.618,2016,30,0.669,0.669,2016,5,0.777,0.777,2018,27,5.826,0.883,2018,18,499.00,0.335,2018,26,46.43693071,0.000,2018,45,25.90,0.370,2018,22,77.85,0.262,2017,43,1,1,2018,1,0.80,0.800,2015,9,48.2,0.482,2018,18,25.16,0.484,2018,20,2.4,0.904,2015,22,0.760,0.760,2018,10,24,0.600,2018,20,23.05445,0.461,2017,15,278.07,0.852,2018,23,8.1,0.190,2018,46,0.408,0.408,2018,28,93.79,0.938,2017,22,35.9,0.682,2017,32,0.638,0.418,2018,15,96.91,0.846,2016,26,99.73,0.991,2016,8,11.5,0.919,2018,11,99.9,0.995,2015,4,94,0.760,2017,31,40.21,0.574,2017,9,18.4,0.816,2018,44,1.23,0.975,2018,15,0.9221,0.922,2018,31,99.28,0.993,2015,21,93.68,0.937,2015,33,0.4385,0.439,2016,33,0.667,0.667,2017,25,0.91,0.910,2018,30,0.52,0.604,2018,35,0.867,0.867,2018,19,9.00,0.900,2019,5,3.3132,0.828,2018,25,0.67,0.967,2016,13,0.84,0.840,2018,20,5.1,0.490,2019,38,99,0.882,2018,17,496,0.669,2018,40,1.5,0.850,2018,24,0.458,0.458,2018,29,0.069,0.069,2018,41
Japan,JPN,0.670,16,0.583,23,0.591,21,0.836,10,0.604,29,0.639,6,0.530,31,0.638,34,0.506,11,0.503,27,0.577,28,0.466,38,0.939,1,0.471,28,0.892,17,0.804,27,0.840,16,0.837,24,0.927,1,0.719,10,64.853,0.649,2018,22,0.78,0.560,2018,38,45.41,0.454,2018,25,0.54,0.54,2018,37,100.000,1.000,2015,1,0.010,0.350,2018,20,41.856,0.852,2018,5,6.285,0.105,2018,40,3.45,0.770,2018,24,11.45,0.714,2016,18,0.563,0.563,2016,33,0.889,0.889,2018,11,26.919,0.462,2018,40,337.63,0.550,2018,7,4.086440945,0.898,2018,2,4.90,0.070,2018,46,86.61,0.554,2017,22,0.786,0.786,2018,19,0.17,0.170,2016,35,22.4,0.224,2018,35,32.16,0.618,2018,9,2,0.920,2018,18,0.545,0.545,2018,36,23.2,0.580,2018,21,11.64195,0.233,2017,39,623.92,0.584,2018,43,1.1,0.890,2018,11,0.945,0.945,2018,1,98.24,0.982,2017,13,32.9,0.742,2013,20,0.409,0.199,2018,31,98.24,0.912,2016,16,99.87,0.996,2016,6,16.2,0.768,2018,31,99.8,0.990,2017,12,99,0.960,2017,1,23.67,0.338,2017,38,19.5,0.805,2018,46,3.7,0.926,2018,30,0.9760,0.976,2018,9,100,1.000,2015,1,97.19,0.972,2015,24,0.6322,0.632,2016,7,0.621,0.621,2017,31,0.95,0.950,2018,25,1.83,0.866,2018,8,0.827,0.827,2018,29,8.67,0.867,2019,21,2.702,0.676,2018,41,0.28,0.986,2016,1,0.88,0.880,2018,13,1.6,0.840,2019,9,40,1.000,2018,1,3,0.998,2018,17,1,0.900,2018,10,0.672,0.672,2018,15,0.304,0.304,2018,18
"Korea, Rep.",KOR,0.607,33,0.502,35,0.518,33,0.801,20,0.418,41,0.430,38,0.352,42,0.637,35,0.675,1,0.241,41,0.469,36,0.574,28,0.871,4,0.437,31,0.789,37,0.849,8,0.836,18,0.791,33,0.872,10,0.672,17,37.613,0.376,2018,35,0.73,0.460,2018,46,30.75,0.308,2018,37,0.37,0.37,2018,44,33.330,0.333,2015,44,-0.117,0.138,2018,42,188.511,1.000,2018,1,2.013,0.034,2018,45,5.46,0.636,2018,41,24.57,0.386,2016,43,0.564,0.564,2016,32,0.919,0.919,2018,9,28.572,0.429,2018,42,396.32,0.472,2018,14,11.05739665,0.724,2018,19,58.00,0.829,2018,2,79.11,0.304,2017,42,0.3,0.3,2018,37,0.12,0.120,2015,40,45.4,0.454,2018,21,21.45,0.413,2018,21,5.1,0.796,2018,36,0.213,0.213,2018,49,25,0.625,2018,12,15.37581,0.308,2017,30,314.06,0.791,2018,31,0.4,0.960,2018,1,0.705,0.705,2018,4,94.85,0.949,2017,20,35.4,0.692,2015,29,0.39,0.181,2018,33,96.14,0.807,2016,30,94.03,0.801,2016,38,16.5,0.758,2018,33,100,1.000,2015,1,98,0.920,2017,7,35.1,0.501,2017,19,11.6,0.884,2018,27,3.09,0.938,2018,28,0.9578,0.958,2018,19,99.89,0.999,2015,12,98.02,0.980,2015,20,0.59565,0.596,2016,10,0.649,0.649,2017,30,0.945,0.945,2018,27,1.07,0.714,2018,28,0.868,0.868,2018,18,7.67,0.767,2019,40,2.6422,0.661,2018,44,0.7,0.965,2016,16,0.87,0.870,2018,15,2.1,0.790,2019,12,108,0.864,2018,21,1056,0.296,2018,44,2.6,0.740,2018,39,0.937,0.937,2018,3,0.716,0.716,2018,6
Kuwait,KWT,0.493,43,0.412,48,0.405,41,0.664,39,0.549,33,0.266,47,0.176,49,0.719,16,0.349,34,0.224,43,0.352,41,0.386,46,0.697,24,0.365,38,0.658,43,0.826,17,0.738,39,0.492,45,0.749,31,0.519,40,41.863,0.419,2018,32,0.84,0.680,2018,33,45.68,0.457,2018,24,0.12,0.12,2018,49,33.330,0.333,2015,44,0.000,0.333,2018,26,0.000,0.091,2018,42,0.030,0.001,2018,48,7.07,0.529,2018,45,57.17,0.000,2016,45,0.251,0.251,2016,44,0.905,0.905,2018,10,0.000,1.000,2018,1,583.71,0.222,2018,37,22.34761346,0.441,2018,34,26.82,0.383,2018,17,86.37,0.546,2018,24,0.125,0.125,2018,47,0.00,0.000,2010,47,4.4,0.044,2020,45,10,0.192,2017,42,11.1,0.556,2001,42,0.615,0.615,2018,31,15,0.375,2018,42,1.38077875,0.028,2015,48,369.17,0.754,2020,37,1.8,0.820,2018,21,0.473,0.473,2018,19,79.84,0.798,2017,37,35.36041667,0.693,2018,28,0.24,0.038,2018,42,87.31,0.366,2017,48,90.38,0.679,2015,44,11.22758,0.928,2015,10,99.9,0.995,2016,4,99,0.960,2017,1,26.1,0.373,2017,34,14.3,0.857,2018,40,2.81,0.944,2018,23,0.8938,0.894,2018,36,100,1.000,2015,1,100,1.000,2015,1,0.3908,0.391,2016,37,0.407,0.407,2017,44,0.617,0.617,2018,43,-0.18,0.464,2018,47,0.315,0.315,2018,44,7.67,0.767,2019,40,1.1924,0.298,2018,46,1.8,0.91,2016,33,0.6,0.600,2018,42,3.6,0.640,2019,33,117,0.846,2018,23,0,1.000,2018,1,3.8,0.620,2018,45,0.259,0.259,2018,43,0.197,0.197,2018,26
Latvia,LVA,0.675,15,0.706,1,0.539,30,0.779,27,0.975,1,0.634,10,0.640,13,0.817,3,0.463,15,0.515,26,0.518,34,0.622,18,0.544,38,0.499,26,0.892,18,0.824,19,0.806,27,0.837,25,0.743,33,0.573,35,96.974,0.970,2018,1,0.99,0.980,2018,1,62.01,0.620,2018,9,0.94,0.94,2018,2,66.670,0.667,2015,22,0.019,0.365,2018,19,26.986,0.582,2018,15,27.741,0.462,2018,9,3.35,0.777,2018,22,12.72,0.682,2016,26,0.589,0.589,2016,23,0.882,0.882,2018,13,1.055,0.979,2018,5,439.00,0.415,2018,21,13.10703899,0.672,2018,22,21.23,0.303,2018,30,88.55,0.618,2017,10,0.786,0.786,2018,19,0.14,0.140,2016,39,40,0.4,2018,26,30.73,0.591,2018,10,3.7,0.852,2015,30,0.228,0.228,2018,47,20,0.500,2018,30,23.63212,0.473,2017,12,196.325,0.894,2018,17,5,0.500,2018,41,0.200,0.200,2018,44,93.22,0.932,2017,25,35.6,0.688,2017,30,0.524,0.309,2018,23,96.3,0.815,2017,28,98.7,0.957,2017,22,12,0.903,2018,14,99.9,0.995,2017,4,98,0.920,2017,7,32.1,0.459,2017,25,13.5,0.865,2018,36,5.97,0.881,2018,34,0.8727,0.873,2018,38,92.86,0.929,2015,40,81.94,0.819,2015,44,0.51015,0.510,2016,22,0.897,0.897,2017,5,0.947,0.947,2018,26,1,0.700,2018,31,0.833,0.833,2018,27,8.00,0.800,2019,24,3.62,0.905,2018,12,3.36,0.832,2016,38,0.75,0.750,2018,35,3,0.700,2019,26,195,0.690,2018,34,0,1.000,2018,1,1.1,0.890,2018,12,0.305,0.305,2018,38,0.097,0.097,2018,37
Lithuania,LTU,0.666,19,0.639,6,0.560,27,0.798,22,0.939,3,0.555,22,0.655,10,0.725,15,0.319,37,0.499,28,0.664,15,0.555,33,0.641,27,0.441,30,0.947,3,0.823,20,0.817,24,0.841,23,0.744,32,0.618,27,89.869,0.899,2018,5,0.99,0.980,2018,1,38.06,0.381,2018,29,0.99,0.99,2018,1,66.670,0.667,2015,22,0.031,0.386,2018,16,14.369,0.352,2018,23,27.995,0.467,2018,8,3.22,0.785,2018,20,11.49,0.713,2016,19,0.560,0.560,2016,35,0.680,0.680,2018,39,3.207,0.936,2018,12,472.00,0.371,2018,24,29.67191561,0.258,2018,41,22.92,0.327,2018,28,89.27,0.642,2017,7,0.786,0.786,2018,19,0.07,0.070,2015,45,37.7,0.377,2018,27,52,1.000,2018,1,4.2,0.832,2016,34,0.445,0.445,2018,40,15,0.375,2018,42,16.63465,0.333,2017,29,82.875,0.958,2018,2,1.2,0.880,2018,13,0.213,0.213,2018,43,82.88,0.829,2017,33,37.3,0.654,2017,35,0.439,0.228,2018,28,98.29,0.915,2016,14,99.94,0.998,2016,2,11.2,0.929,2018,9,100,1.000,2014,1,94,0.760,2017,31,43.8,0.626,2017,5,16.1,0.839,2018,41,5.61,0.888,2018,33,0.8969,0.897,2018,34,93.62,0.936,2015,39,91.69,0.917,2015,36,0.46585,0.466,2016,32,0.872,0.872,2017,6,0.954,0.954,2018,24,1.09,0.718,2018,27,0.824,0.824,2018,30,9.00,0.900,2019,5,3.2276,0.807,2018,33,5.25,0.738,2016,41,0.91,0.910,2018,4,2.8,0.720,2019,24,235,0.610,2018,42,60,0.960,2018,30,0.9,0.910,2018,9,0.485,0.485,2018,27,0.119,0.119,2018,34
Luxembourg,LUX,0.697,12,0.582,24,0.645,13,0.863,4,0.788,17,0.482,32,0.605,15,0.666,26,0.369,33,0.669,14,0.683,14,0.419,43,0.901,3,0.556,16,0.869,22,0.845,9,0.918,2,0.873,17,0.898,5,0.777,4,59.668,0.597,2018,23,0.99,0.980,2018,1,33.73,0.337,2018,35,0.61,0.61,2018,33,33.330,0.333,2015,44,0.000,0.333,2018,30,39.039,0.801,2018,7,13.614,0.227,2018,22,2.37,0.842,2018,5,10.21,0.745,2016,15,0.238,0.238,2016,45,0.784,0.784,2018,24,1.239,0.975,2018,6,791.00,0.000,2018,46,11.93425994,0.702,2018,20,28.37,0.405,2018,12,87.98,0.599,2018,12,0.857,0.857,2018,8,0.55,0.550,2014,16,49.8,0.498,2018,17,27.6,0.531,2018,14,3.3,0.868,2015,28,0.835,0.835,2018,2,18,0.450,2018,40,25.28809,0.506,2017,8,1385.46,0.301,2018,48,0.7,0.930,2018,6,0.785,0.785,2018,3,98.77,0.988,2017,10,34.9,0.702,2017,27,0.629,0.409,2018,16,95.54,0.777,2016,32,94.9,0.830,2016,37,9,1.000,2018,1,99.9,0.995,2009,4,99,0.960,2017,1,29.2,0.417,2017,31,12.8,0.872,2018,33,1.08,0.978,2018,3,0.9790,0.979,2018,7,97.61,0.976,2015,35,98.19,0.982,2015,16,0.6537,0.654,2016,6,1.000,1.000,2017,1,0.977,0.977,2018,18,1.69,0.838,2018,12,0.874,0.874,2018,16,8.00,0.800,2019,24,3.5,0.875,2018,17,0.72,0.964,2016,17,0.89,0.890,2018,8,1.3,0.870,2019,6,107,0.866,2018,19,0,1.000,2018,1,0.5,0.950,2018,2,0.601,0.601,2018,19,0.555,0.555,2018,11
Mexico,MEX,0.488,44,0.489,39,0.380,45,0.594,44,0.418,42,0.411,40,0.467,37,0.708,18,0.440,20,0.147,48,0.343,42,0.636,14,0.442,45,0.332,42,0.636,44,0.649,45,0.561,48,0.703,37,0.388,48,0.630,23,49.569,0.496,2018,28,0.67,0.340,2018,47,35.39,0.354,2018,32,0.48,0.48,2018,41,66.670,0.667,2015,22,-0.052,0.247,2018,37,11.845,0.306,2018,26,6.481,0.108,2018,39,3.09,0.794,2018,17,20.08,0.498,2016,39,0.530,0.530,2016,37,0.729,0.729,2018,34,6.681,0.866,2018,21,421.79,0.438,2018,19,7.602380952,0.810,2018,15,5.00,0.071,2018,44,73.5,0.117,2017,48,0.225,0.225,2018,43,0.10,0.100,2016,42,6,0.06,2018,43,12,0.231,2018,39,7.5,0.700,2017,40,0.380,0.380,2018,43,30,0.750,2018,4,13.04892,0.261,2017,35,215.785,0.897,2018,15,2.1,0.790,2018,27,0.166,0.166,2018,48,36.93,0.369,2017,49,36.8,0.664,2018,34,0.145,0,2018,45,95.25,0.763,2017,34,91.21,0.707,2017,42,26.4,0.439,2018,47,97.7,0.885,2015,41,85,0.400,2017,47,22.31,0.319,2017,41,12.2,0.878,2018,31,11.84,0.763,2018,45,0.8477,0.848,2018,42,89.22,0.892,2015,42,42.61,0.426,2015,49,0.20045,0.200,2016,47,0.441,0.441,2017,43,0.476,0.476,2018,45,0.14,0.528,2018,42,0.67,0.670,2018,38,10.00,1.000,2019,1,3.363,0.841,2018,24,19.26,0.037,2016,47,0.63,0.630,2018,41,8.8,0.120,2019,49,158,0.764,2018,27,0,1.000,2018,1,0.6,0.940,2018,3,0.170,0.170,2018,46,0.409,0.409,2018,14
Netherlands,NLD,0.698,11,0.573,27,0.676,10,0.845,8,0.879,9,0.575,16,0.530,30,0.578,41,0.301,40,0.759,7,0.708,10,0.463,39,0.776,14,0.673,7,0.867,23,0.829,15,0.885,4,0.907,3,0.902,3,0.679,16,87.844,0.878,2018,8,0.94,0.880,2018,16,26.74,0.267,2018,41,0.81,0.81,2018,5,83.330,0.833,2015,15,-0.190,0.016,2018,47,47.289,0.951,2018,3,6.114,0.102,2018,42,3.17,0.789,2018,18,12.07,0.698,2016,24,0.675,0.675,2016,4,0.289,0.289,2018,46,11.458,0.771,2018,28,508.00,0.323,2018,29,30.8322059,0.229,2018,42,24.61,0.352,2018,27,86.7,0.557,2017,20,0.929,0.929,2018,4,0.79,0.790,2016,10,74.8,0.748,2018,10,16,0.308,2018,32,0.5,0.980,2015,2,0.796,0.796,2018,6,25,0.625,2018,12,23.10031,0.462,2017,14,1494.905,0.302,2018,47,1.9,0.810,2018,22,0.522,0.522,2018,14,99.64,0.996,2017,6,28.5,0.83,2017,8,0.74,0.515,2018,7,97.33,0.867,2016,22,99.21,0.974,2016,15,16.4,0.761,2018,32,100,1.000,1998,1,94,0.760,2017,31,34.78,0.497,2017,21,9,0.910,2018,12,1.08,0.978,2018,3,0.9843,0.984,2018,5,97.73,0.977,2015,34,99.96,1.000,2015,4,0.65875,0.659,2016,5,0.804,0.804,2017,16,0.985,0.985,2018,10,1.84,0.868,2018,7,0.876,0.876,2018,15,9.00,0.900,2019,5,3.6266,0.907,2018,11,0.55,0.973,2016,7,0.89,0.890,2018,8,2.1,0.790,2019,12,63,0.954,2018,6,462,0.692,2018,39,1.3,0.870,2018,18,0.744,0.744,2018,12,0.409,0.409,2018,14
New Zealand,NZL,0.649,26,0.493,38,0.642,14,0.813,15,0.317,47,0.453,34,0.684,5,0.708,19,0.303,39,0.530,25,0.586,27,0.712,2,0.868,5,0.512,25,0.879,20,0.772,36,0.848,13,0.902,7,0.813,23,0.667,18,39.384,0.394,2018,34,0.62,0.240,2018,49,28.51,0.285,2018,40,0.79,0.79,2018,7,66.670,0.667,2015,22,-0.004,0.327,2018,33,5.804,0.196,2018,33,27.476,0.458,2018,10,3.93,0.738,2018,31,5.73,0.857,2016,1,0.498,0.498,2016,39,0.752,0.752,2018,31,6.352,0.873,2018,20,725.60,0.033,2018,45,20.24420909,0.494,2018,30,26.82,0.383,2018,17,87.19,0.573,2017,15,0.857,0.857,2018,8,0.16,0.160,2016,37,65,0.65,2018,11,8.4,0.162,2018,44,2.3,0.908,2015,21,0.625,0.625,2018,30,28,0.700,2018,10,27.76921,0.555,2017,2,178.56,0.881,2018,20,0.6,0.940,2018,4,0.672,0.672,2018,6,99.18,0.992,2017,8,36.2,0.676,1997,33,0.564,0.347,2018,20,99.12,0.956,2017,7,98.02,0.934,2017,29,16.8,0.748,2018,36,96.3,0.815,2015,45,94,0.760,2017,31,30.61,0.437,2017,28,9.3,0.907,2018,14,3.07,0.939,2018,27,0.9657,0.966,2018,16,100,1.000,2015,1,100,1.000,2015,1,0.51785,0.518,2016,21,0.754,0.754,2017,21,0.995,0.995,2018,3,1.86,0.872,2018,5,0.892,0.892,2018,5,8.00,0.800,2019,24,3.8,0.950,2018,4,0.99,0.951,2016,22,0.79,0.790,2018,29,1.4,0.860,2019,8,214,0.652,2018,38,9,0.994,2018,20,1.4,0.860,2018,20,0.571,0.571,2018,22,0.243,0.243,2018,21
Norway,NOR,0.753,2,0.647,2,0.704,8,0.907,1,0.733,21,0.596,14,0.848,1,0.834,1,0.224,48,0.683,13,0.704,11,0.621,19,0.817,12,0.696,6,0.977,1,0.863,4,0.854,11,0.912,1,0.901,4,0.934,1,58.635,0.586,2018,25,0.94,0.880,2018,16,18.7,0.187,2018,46,0.67,0.67,2018,23,100.000,1.000,2015,1,0.006,0.344,2018,22,37.762,0.777,2018,9,57.736,0.962,2018,2,3.66,0.756,2018,26,7.02,0.825,2016,7,0.625,0.625,2016,13,0.930,0.930,2018,6,2.692,0.946,2018,11,776.00,0.000,2018,46,28.04841381,0.299,2018,38,26.16,0.374,2018,20,85.66,0.522,2017,31,0.857,0.857,2018,8,0.67,0.670,2014,14,58.2,0.582,2018,15,27.61,0.531,2018,13,1.5,0.940,2015,12,0.762,0.762,2018,9,23,0.575,2018,22,22.47755,0.450,2017,17,242.85,0.838,2018,27,0.8,0.920,2018,8,0.534,0.534,2018,13,99.75,0.998,2017,3,27,0.86,2017,5,0.759,0.532,2018,5,99.88,0.994,2017,2,99.17,0.972,2017,17,10.1,0.965,2018,4,99.1,0.955,2016,24,96,0.840,2017,19,43.85,0.626,2017,4,8.3,0.917,2018,9,1.11,0.978,2018,6,0.9904,0.990,2018,1,98.06,0.981,2015,32,95.02,0.950,2015,30,0.6661,0.666,2016,4,0.680,0.680,2017,24,0.993,0.993,2018,6,1.88,0.876,2018,4,0.889,0.889,2018,9,9.00,0.900,2019,5,3.6156,0.904,2018,14,0.51,0.975,2016,5,0.89,0.890,2018,8,2.1,0.790,2019,12,65,0.950,2018,7,59,0.961,2018,29,1.5,0.850,2018,24,0.927,0.927,2018,4,1.000,1.000,2018,1
Poland,POL,0.650,25,0.613,13,0.578,24,0.758,32,0.913,7,0.621,12,0.451,40,0.484,45,0.594,4,0.532,22,0.638,18,0.573,29,0.582,35,0.565,15,0.857,26,0.770,37,0.797,29,0.759,34,0.812,24,0.553,38,88.594,0.886,2018,6,0.97,0.940,2018,9,6.09,0.061,2018,47,0.71,0.71,2018,16,100.000,1.000,2015,1,0.00E+00,0.333,2018,26,62.127,1.000,2018,1,6.777,0.113,2018,38,3.68,0.755,2018,29,20.54,0.487,2016,40,0.588,0.588,2016,24,0.776,0.776,2018,28,45.594,0.088,2018,46,336.00,0.552,2018,6,5.911162641,0.852,2018,8,26.39,0.377,2018,19,84.95,0.498,2018,33,0.929,0.929,2018,4,0.17,0.170,2015,35,15.6,0.156,2018,37,41.6,0.800,2018,4,1.9,0.924,2015,17,0.673,0.673,2018,25,19,0.475,2018,36,16.81098,0.336,2017,28,156.7,0.908,2018,10,4,0.600,2018,40,0.279,0.279,2018,40,86.73,0.867,2017,30,29.7,0.806,2017,11,0.54,0.324,2018,22,94.98,0.749,2016,36,95.2,0.840,2016,36,9.6,0.981,2018,3,99.8,0.990,2017,12,96,0.840,2017,19,22.9,0.327,2017,39,16.7,0.833,2018,42,7.07,0.859,2018,39,0.8945,0.894,2018,35,98.13,0.981,2015,31,93.88,0.939,2015,32,0.47265,0.473,2016,30,0.698,0.698,2017,23,0.842,0.842,2018,34,0.69,0.638,2018,33,0.695,0.695,2018,37,8.00,0.800,2019,24,3.2816,0.820,2018,28,0.67,0.967,2016,13,0.82,0.820,2018,24,2.4,0.760,2019,16,190,0.700,2018,31,24,0.984,2018,24,1.8,0.820,2018,30,0.350,0.350,2018,35,0.059,0.059,2018,43
Portugal,PRT,0.646,27,0.565,29,0.551,28,0.822,13,0.705,24,0.353,42,0.643,12,0.747,11,0.378,28,0.481,30,0.587,26,0.632,15,0.540,39,0.515,24,0.892,19,0.866,2,0.815,25,0.875,16,0.864,13,0.619,26,71.085,0.711,2018,18,0.85,0.700,2018,31,19.76,0.198,2018,45,0.81,0.81,2018,4,50.000,0.500,2015,39,-0.098,0.169,2018,41,-0.252,0.086,2018,46,18.033,0.301,2018,18,2.63,0.825,2018,10,7.87,0.803,2016,10,0.666,0.666,2016,6,0.817,0.817,2018,18,12.120,0.758,2018,29,513.00,0.316,2018,31,16.56160228,0.586,2018,26,16.23,0.232,2018,36,89.59,0.653,2017,6,0.44,0.44,2018,32,0.35,0.350,2015,22,40.2,0.402,2018,25,20.4,0.392,2018,23,3.5,0.860,2015,29,0.693,0.693,2018,22,21,0.525,2018,27,22.46064,0.449,2017,18,139.315,0.923,2018,9,7.7,0.230,2018,45,0.467,0.467,2018,20,92.34,0.923,2017,28,33.8,0.724,2017,22,0.521,0.306,2018,24,96.29,0.815,2016,29,99.1,0.970,2016,19,12.4,0.890,2018,15,98.8,0.940,2017,33,98,0.920,2017,7,44.26,0.632,2017,3,13.5,0.865,2018,36,1.45,0.971,2018,18,0.9444,0.944,2018,25,99.44,0.994,2015,19,95.11,0.951,2015,29,0.4309,0.431,2016,34,0.755,0.755,2017,20,0.963,0.963,2018,20,1.22,0.744,2018,23,0.892,0.892,2018,5,9.00,0.900,2019,5,3.513,0.878,2018,16,0.64,0.968,2016,12,0.76,0.760,2018,34,1,0.900,2019,2,126,0.828,2018,25,3,0.998,2018,17,2,0.800,2018,34,0.601,0.601,2018,18,0.076,0.076,2018,39
Russian Federation,RUS,0.512,39,0.499,36,0.461,38,0.576,46,0.574,31,0.453,35,0.384,41,0.661,27,0.421,22,0.379,36,0.650,17,0.488,37,0.383,48,0.404,33,0.792,36,0.820,22,0.661,42,0.472,48,0.429,46,0.280,49,24.704,0.247,2018,42,0.95,0.900,2018,15,29.41,0.294,2018,39,0.68,0.68,2018,20,66.670,0.667,2015,22,0.002,0.337,2018,24,10.549,0.283,2018,28,2.793,0.047,2018,44,8.25,0.450,2018,48,13.75,0.656,2016,28,0.467,0.467,2016,41,0.821,0.821,2018,17,15.197,0.696,2018,32,418.99,0.441,2018,17,9.734265734,0.757,2018,16,4.50,0.064,2018,47,90.92,0.697,2017,4,0.21,0.21,2018,44,0.23,0.230,2013,30,82.7,0.827,2017,9,20,0.385,2017,24,5,0.800,2018,35,0.589,0.589,2018,33,20,0.500,2018,30,10.25957,0.205,2017,44,361.16,0.759,2018,34,9.3,0.070,2018,48,0.321,0.321,2018,32,75.76,0.758,2017,38,37.5,0.65,2018,36,0.365,0.157,2018,35,96.98,0.849,2016,24,99.24,0.975,2016,14,22.9,0.552,2018,43,99.7,0.985,2014,16,97,0.880,2017,15,39.8,0.569,2017,10,13.6,0.864,2018,38,9.93,0.801,2018,42,0.8654,0.865,2018,39,88.79,0.888,2015,43,75.51,0.755,2015,47,0.41705,0.417,2016,35,0.381,0.381,2017,45,0.19,0.190,2018,49,-0.22,0.456,2018,49,0.27,0.270,2018,46,7.67,0.767,2019,40,2.7166,0.679,2018,40,10.82,0.459,2016,45,0.84,0.840,2018,20,8.3,0.170,2019,48,416,0.248,2018,48,7097,0.000,2018,47,3.6,0.640,2018,44,0.408,0.408,2018,32,0.071,0.071,2018,40
Saudi Arabia,SAU,0.451,48,0.396,49,0.369,47,0.589,45,0.518,34,0.169,49,0.209,48,0.704,20,0.377,30,0.224,43,0.324,44,0.461,40,0.588,34,0.251,46,0.598,45,0.781,34,0.747,38,0.330,49,0.723,36,0.356,46,21.655,0.217,2018,44,0.91,0.820,2018,21,4.59,0.046,2018,48,0.21,0.21,2018,48,16.670,0.167,2015,48,0.000,0.333,2018,26,0.000,0.091,2018,42,0.017,0.000,2018,49,5.58,0.628,2018,43,78.38,0.000,2016,45,0.163,0.163,2016,48,0.949,0.949,2018,3,0.000,1.000,2018,1,511.00,0.319,2018,30,16.09778122,0.598,2018,25,15.00,0.214,2018,37,86.37,0.546,2017,24,0.125,0.125,2018,47,0.00,0.000,2012,47,6.4,0.064,2020,42,10,0.192,2017,42,14.27,0.429,2001,45,0.612,0.612,2018,32,20,0.500,2018,30,3.384836,0.068,2017,47,278.58,0.814,2018,29,1.9,0.810,2018,22,0.236,0.236,2018,42,71.7,0.717,2017,41,45.9,0.482,2013,45,0.22,0.019,2018,44,97.39,0.870,2014,21,73.18,0.106,2016,48,14.67044,0.817,2019,22,99.7,0.985,2017,16,98,0.920,2017,7,22.8,0.326,2017,40,20.7,0.793,2018,48,5.97,0.881,2018,34,0.9398,0.940,2018,27,100,1.000,2015,1,85.12,0.851,2015,40,0.49045,0.490,2016,29,0.452,0.452,2017,41,0.297,0.297,2018,47,0.24,0.548,2018,39,0.016,0.016,2018,49,5.67,0.567,2019,47,0.8974,0.224,2018,48,1.5,0.925,2016,31,0.88,0.880,2018,13,6,0.400,2019,41,197,0.686,2018,35,0,1.000,2018,1,8.6,0.140,2018,49,0.283,0.283,2018,41,0.002,0.002,2018,48
Singapore,SGP,0.624,31,0.574,26,0.485,34,0.813,16,0.421,40,0.502,28,0.463,39,0.817,2,0.665,2,0.432,32,0.502,35,0.346,47,0.824,10,0.320,44,0.930,7,0.804,26,0.940,1,0.701,38,0.867,12,0.635,22,12.198,0.122,2018,47,0.86,0.720,2018,27,61.53,0.615,2018,12,0.38,0.38,2018,42,66.670,0.667,2015,22,-0.061,0.232,2018,39,28.888,0.616,2018,12,0.730,0.012,2018,46,2.51,0.833,2018,8,18.26,0.544,2016,37,0.645,0.645,2016,9,0.835,0.835,2018,15,1.462,0.971,2018,7,327.86,0.563,2018,5,17.53278631,0.562,2018,27,61.00,0.871,2018,1,86.37,0.546,2017,24,0.571,0.571,2018,29,0.18,0.180,2012,33,0,0,2020,47,16,0.308,2017,32,1.2,0.952,2018,7,0.747,0.747,2018,14,17,0.425,2018,41,14.19087,0.284,2017,33,1285.49,0.329,2018,46,1.3,0.870,2018,16,0.624,0.624,2018,7,97.93,0.979,2017,16,45.9,0.482,2013,45,0.365,0.157,2018,35,99.46,0.973,2016,4,99.93,0.998,2016,3,14.58703,0.820,2018,21,99.6,0.980,2017,22,96,0.840,2017,19,25.7,0.367,2017,35,10.6,0.894,2018,21,2.96,0.941,2018,26,0.9895,0.990,2018,3,100,1.000,2015,1,100,1.000,2015,1,0.74195,0.742,2016,1,0.968,0.968,2017,2,0.979,0.979,2018,17,2.21,0.942,2018,1,0.387,0.387,2018,43,4.33,0.433,2019,49,3.058,0.765,2018,35,0.32,0.984,2016,3,0.9,0.900,2018,6,1,0.900,2019,2,199,0.682,2018,36,0,1.000,2018,1,3.4,0.660,2018,43,0.879,0.879,2018,6,0.000,0.000,2018,49
Slovak Republic,SVK,0.669,18,0.628,8,0.617,17,0.762,31,0.890,8,0.574,17,0.474,36,0.731,14,0.469,14,0.550,21,0.590,23,0.603,25,0.617,30,0.727,3,0.747,38,0.800,28,0.845,14,0.812,30,0.800,25,0.566,36,86.027,0.860,2018,11,0.96,0.920,2018,14,34.85,0.349,2018,33,0.71,0.71,2018,18,83.330,0.833,2015,15,0.022,0.370,2018,17,28.598,0.611,2018,13,8.801,0.147,2018,32,4.28,0.715,2018,35,17.54,0.562,2016,36,0.651,0.651,2016,8,0.933,0.933,2018,5,19.645,0.607,2018,35,421.00,0.439,2018,18,5.667507567,0.858,2018,7,7.62,0.109,2018,41,86.57,0.552,2017,23,0.857,0.857,2018,8,0.24,0.240,2015,29,13,0.13,2018,38,29.32,0.564,2018,12,2,0.920,2016,18,0.745,0.745,2018,15,21,0.525,2018,27,17.81498,0.356,2017,26,131.945,0.929,2018,7,2.9,0.710,2018,32,0.298,0.298,2018,36,84.18,0.842,2017,32,25.2,0.896,2016,3,0.786,0.558,2018,4,93.3,0.665,2016,42,95.48,0.849,2016,35,17.5,0.726,2018,38,98.5,0.925,2014,35,96,0.840,2017,19,34.5,0.493,2017,22,11.8,0.882,2018,29,6.96,0.861,2018,37,0.9282,0.928,2018,30,98.93,0.989,2015,27,93.41,0.934,2015,34,0.5185,0.519,2016,20,0.857,0.857,2017,8,0.819,0.819,2018,35,0.89,0.678,2018,32,0.815,0.815,2018,31,9.00,0.900,2019,5,3.4,0.850,2018,20,1.05,0.948,2016,24,0.73,0.730,2018,36,1.8,0.820,2019,11,189,0.702,2018,30,12,0.992,2018,21,1.3,0.870,2018,18,0.387,0.387,2018,33,0.016,0.016,2018,46
Slovenia,SVN,0.713,8,0.641,4,0.682,9,0.815,14,0.807,14,0.649,5,0.536,28,0.657,28,0.559,8,0.741,9,0.711,8,0.605,24,0.629,28,0.722,4,0.930,8,0.777,35,0.872,8,0.825,27,0.881,7,0.607,29,73.301,0.733,2018,17,0.94,0.880,2018,16,47.76,0.478,2018,22,0.74,0.74,2018,13,100.000,1.000,2015,1,0.020,0.367,2018,18,31.055,0.656,2018,11,14.824,0.247,2018,19,3.67,0.755,2018,28,15.81,0.605,2016,34,0.515,0.515,2016,38,0.783,0.783,2018,25,16.283,0.674,2018,33,504.00,0.328,2018,28,12.62436864,0.684,2018,21,46.44,0.663,2018,5,91.85,0.728,2017,1,0.786,0.786,2018,19,0.71,0.710,2016,12,29.7,0.297,2018,29,48.3,0.929,2018,2,2.8,0.888,2015,26,0.729,0.729,2018,17,19,0.475,2018,36,18.44283,0.369,2017,23,58.16,0.971,2018,1,3.4,0.660,2018,36,0.253,0.253,2018,41,97.53,0.975,2017,17,24.2,0.916,2017,1,0.753,0.527,2018,6,97.7,0.885,2016,19,98.41,0.947,2016,26,10.3,0.958,2018,6,99.8,0.990,2012,12,94,0.760,2017,31,28.2,0.403,2017,33,12.7,0.873,2018,32,7,0.860,2018,38,0.9571,0.957,2018,20,99.11,0.991,2015,24,98.03,0.980,2015,19,0.49105,0.491,2016,28,0.941,0.941,2017,3,0.938,0.938,2018,29,1.12,0.724,2018,24,0.838,0.838,2018,26,8.00,0.800,2019,24,3.2908,0.823,2018,26,0.48,0.976,2016,4,0.7,0.700,2018,38,1,0.900,2019,2,66,0.948,2018,9,0,1.000,2018,1,1.6,0.840,2018,28,0.531,0.531,2018,25,0.056,0.056,2018,44
South Africa,ZAF,0.463,47,0.436,45,0.391,43,0.562,47,0.455,39,0.351,43,0.333,45,0.450,47,0.590,5,0.281,39,0.290,47,0.710,3,0.604,32,0.070,49,0.249,49,0.565,46,0.624,45,0.728,36,0.467,45,0.738,7,36.955,0.370,2018,36,0.77,0.540,2018,40,49.71,0.497,2018,19,0.25,0.25,2018,45,66.670,0.667,2015,22,-0.056,0.239,2018,38,0.372,0.098,2018,41,6.254,0.104,2018,41,7.73,0.485,2018,47,23.58,0.411,2016,42,0.594,0.594,2016,22,0.756,0.756,2018,30,72.105,0.000,2018,47,356.80,0.524,2018,8,6.205375425,0.845,2018,9,28.00,0.400,2018,14,76.66,0.222,2017,47,0.32,0.32,2018,36,0.30,0.300,2016,24,10.5,0.105,2015,39,17.14,0.330,2017,30,16.83,0.327,2001,46,0.397,0.397,2018,42,28,0.700,2018,10,26.96607,0.539,2017,4,200.22,0.890,2018,18,3.9,0.610,2018,39,0.510,0.510,2018,16,69.22,0.692,2017,43,63,0.14,2014,49,0.089,0,2018,45,80.03,0.002,2015,49,83.05,0.435,2015,45,30.33,0.312,2015,48,96.7,0.835,2016,44,84,0.360,2017,48,8.2,0.117,2017,47,11.5,0.885,2018,26,18.57,0.629,2018,46,0.7361,0.736,2018,48,73.13,0.731,2015,46,85.02,0.850,2015,43,0.2184,0.218,2016,46,0.583,0.583,2017,32,0.684,0.684,2018,39,0.27,0.554,2018,38,0.738,0.738,2018,35,8.00,0.800,2019,24,3.456,0.864,2018,18,13.9,0.305,2016,46,0.65,0.650,2018,40,6.5,0.350,2019,43,259,0.562,2018,44,85,0.943,2018,31,1.1,0.890,2018,12,0.261,0.261,2018,42,0.857,0.857,2018,4
Spain,ESP,0.670,17,0.576,25,0.633,15,0.800,21,0.665,25,0.558,21,0.604,17,0.733,13,0.322,36,0.718,10,0.617,19,0.582,27,0.707,23,0.544,20,0.920,10,0.858,5,0.818,23,0.885,11,0.838,19,0.478,43,64.934,0.649,2018,21,0.84,0.680,2018,33,29.74,0.297,2018,38,0.64,0.64,2018,28,100.000,1.000,2015,1,0.198,0.663,2018,5,5.429,0.190,2018,34,13.954,0.233,2018,21,2.77,0.815,2018,12,9.48,0.763,2016,13,0.578,0.578,2016,29,0.803,0.803,2018,19,9.097,0.818,2018,24,476.00,0.365,2018,25,25.54543875,0.361,2018,36,16.84,0.241,2018,35,87.02,0.567,2017,16,0.857,0.857,2018,8,0.73,0.730,2016,11,44.2,0.442,2018,22,16,0.308,2018,32,1.8,0.928,2016,15,0.790,0.790,2018,7,25,0.625,2018,12,13.85989,0.277,2017,34,308.445,0.845,2018,24,3.2,0.680,2018,35,0.502,0.502,2018,17,93.76,0.938,2017,23,34.7,0.706,2017,25,0.6,0.381,2018,17,98.46,0.923,2016,13,99.58,0.986,2016,11,13.6,0.852,2018,18,98.91,0.946,2018,27,98,0.920,2017,7,38.7,0.553,2017,12,10.8,0.892,2018,22,1.05,0.979,2018,2,0.9458,0.946,2018,23,99.9,0.999,2015,11,98.18,0.982,2015,17,0.50795,0.508,2016,24,0.654,0.654,2017,29,0.987,0.987,2018,9,1.12,0.724,2018,24,0.86,0.860,2018,22,9.00,0.900,2019,5,3.8228,0.956,2018,3,0.63,0.969,2016,10,0.9,0.900,2018,6,3.4,0.660,2019,29,128,0.824,2018,26,704,0.531,2018,41,1.4,0.860,2018,20,0.462,0.462,2018,28,0.061,0.061,2018,42
Sweden,SWE,0.747,3,0.621,10,0.738,3,0.884,3,0.787,18,0.517,27,0.762,2,0.748,9,0.288,41,0.798,4,0.710,9,0.653,10,0.818,11,0.713,5,0.918,12,0.856,7,0.876,7,0.909,2,0.861,14,0.881,2,59.434,0.594,2018,24,0.99,0.980,2018,1,55.12,0.551,2018,17,0.79,0.79,2018,6,100.000,1.000,2015,1,-0.238,0.000,2018,48,8.321,0.242,2018,32,41.963,0.699,2018,3,3.97,0.735,2018,33,5.89,0.853,2016,3,0.601,0.601,2016,20,0.728,0.728,2018,35,4.248,0.915,2018,14,449.00,0.401,2018,22,70.1642407,0.000,2018,45,32.37,0.462,2018,10,91.2,0.707,2017,3,0.786,0.786,2018,19,0.90,0.900,2015,5,60.2,0.602,2018,14,32.54,0.626,2018,8,1,0.960,2016,4,0.654,0.654,2018,26,22,0.550,2018,24,27.59886,0.552,2017,3,284.275,0.856,2018,22,0.6,0.940,2018,4,0.516,0.516,2018,15,99.74,0.997,2017,4,28.8,0.824,2017,10,0.832,0.602,2018,2,99.35,0.968,2016,6,98.08,0.936,2016,28,13.6,0.852,2018,18,98.91,0.946,2018,27,97,0.880,2017,15,41.9,0.599,2017,7,11.8,0.882,2018,29,1.21,0.976,2018,13,0.9685,0.969,2018,14,99.3,0.993,2015,20,97.95,0.980,2015,21,0.678,0.678,2016,3,0.759,0.759,2017,19,0.994,0.994,2018,4,1.79,0.858,2018,10,0.909,0.909,2018,2,8.00,0.800,2019,24,3.9456,0.986,2018,1,1.08,0.946,2016,25,0.81,0.810,2018,25,2.7,0.730,2019,19,61,0.958,2018,5,155,0.897,2018,36,1.2,0.880,2018,15,0.989,0.989,2018,2,0.757,0.757,2018,5
Switzerland,CHE,0.682,14,0.607,14,0.590,22,0.847,7,0.713,23,0.565,19,0.658,9,0.776,7,0.325,35,0.652,15,0.588,25,0.167,49,0.934,2,0.610,13,0.821,32,0.866,3,0.877,6,0.902,6,0.892,6,0.726,9,48.631,0.486,2018,29,0.97,0.940,2018,9,43.87,0.439,2018,26,0.71,0.71,2018,17,100.000,1.000,2015,1,0.114,0.523,2018,9,3.536,0.155,2018,38,20.402,0.340,2018,14,1.66,0.889,2018,2,10.21,0.745,2016,15,0.616,0.616,2016,18,0.719,0.719,2018,37,0.424,0.992,2018,4,709.00,0.055,2018,44,21.45814635,0.464,2018,32,32.00,0.457,2018,11,90.4,0.680,2017,5,0.786,0.786,2018,19,0.49,0.490,2014,18,62,0.62,2018,12,7.9,0.152,2018,45,1.3,0.948,2015,9,0.633,0.633,2018,29,8.5,0.213,2018,48,10.40116,0.208,2017,43,1732.285,0.080,2018,49,0.7,0.930,2018,6,0.888,0.888,2016,2,98.43,0.984,2017,12,32.7,0.746,2017,18,0.697,0.474,2018,8,93.54,0.677,2016,40,99.55,0.985,2016,12,15.2,0.800,2018,24,98.91,0.946,2018,27,97,0.880,2017,15,42.5,0.607,2017,6,8.2,0.918,2018,7,1.14,0.977,2018,8,0.9903,0.990,2018,2,99.89,0.999,2015,12,95.46,0.955,2015,28,0.6026,0.603,2016,8,0.838,0.838,2017,10,0.996,0.996,2018,2,2.03,0.906,2018,2,0.896,0.896,2018,4,9.00,0.900,2019,5,3.251,0.813,2018,32,0.54,0.973,2016,7,0.79,0.790,2018,29,1.1,0.890,2019,5,82,0.916,2018,12,240,0.840,2018,38,0.7,0.930,2018,6,0.815,0.815,2018,9,0.319,0.319,2018,17
Turkey,TUR,0.510,41,0.481,40,0.387,44,0.661,40,0.397,45,0.559,20,0.335,44,0.643,33,0.469,13,0.120,49,0.435,39,0.557,31,0.494,42,0.331,43,0.712,42,0.721,42,0.685,40,0.511,44,0.611,41,0.729,8,3.447,0.034,2018,49,0.88,0.760,2018,25,40.25,0.403,2018,28,0.54,0.54,2018,36,50.000,0.500,2015,39,0.092,0.487,2018,13,42.294,0.860,2018,4,10.638,0.177,2018,28,2.59,0.827,2018,9,41.97,0.000,2016,45,0.692,0.692,2016,2,0.803,0.803,2018,20,28.306,0.434,2018,41,424.00,0.435,2018,20,7.467372258,0.813,2018,14,11.22,0.160,2018,38,67.57,0.000,2017,49,0.3,0.3,2018,37,0.06,0.060,2016,46,18.3,0.183,2018,36,10.7,0.206,2018,41,7.5,0.700,2016,40,0.651,0.651,2018,27,22,0.550,2018,24,17.84947,0.357,2017,25,353.89,0.764,2018,33,5,0.500,2018,41,0.295,0.295,2018,37,68.59,0.686,2017,44,41.9,0.562,2018,43,0.305,0.1,2018,39,94.35,0.718,2016,39,90.46,0.682,2016,43,17.2,0.735,2018,37,98,0.900,2017,37,96,0.840,2017,19,17.5,0.250,2017,44,20,0.800,2018,47,9.26,0.815,2018,41,0.8145,0.814,2018,45,96.37,0.964,2015,36,85.12,0.851,2015,40,0.3255,0.326,2016,39,0.472,0.472,2017,38,0.201,0.201,2018,48,0.05,0.510,2018,45,0.283,0.283,2018,45,9.00,0.900,2019,5,2.648,0.662,2018,43,4.31,0.785,2016,40,0.85,0.850,2018,17,7.7,0.230,2019,47,251,0.578,2018,43,231,0.846,2018,37,2.3,0.770,2018,36,0.300,0.300,2018,39,1.000,1.000,2018,1
United Arab Emirates,ARE,0.487,45,0.445,44,0.325,49,0.691,38,0.610,28,0.262,48,0.248,47,0.712,17,0.392,26,0.224,43,0.302,45,0.174,48,0.549,37,0.375,37,0.730,39,0.740,41,0.770,36,0.482,46,0.832,21,0.593,32,50.080,0.501,2018,27,0.86,0.720,2018,27,0,0.000,2018,49,0.22,0.22,2018,47,66.670,0.667,2015,22,0.000,0.333,2018,26,0.000,0.091,2018,42,0.217,0.004,2018,47,4.11,0.726,2018,34,39.44,0.014,2016,44,0.258,0.258,2016,43,0.926,0.926,2018,7,2.475,0.951,2018,10,574.96,0.233,2018,36,13.71471289,0.657,2018,23,20.00,0.286,2018,32,86.37,0.546,2018,24,0.125,0.125,2018,47,0.00,0.000,2014,47,0.2,0.002,2020,46,6.43,0.124,2017,48,12.59,0.496,2001,44,0.585,0.585,2018,34,0,0.000,2018,49,0.067848,0.001,2017,49,953.075,0.520,2018,44,6.5,0.350,2018,44,0.416,0.416,2017,24,88.21,0.882,2017,29,32.5,0.75,2014,17,0.174,0,2018,45,94.59,0.730,2016,38,98.86,0.962,2016,20,24.52278,0.499,2016,46,99.9,0.995,2015,4,97,0.880,2017,15,15.6,0.223,2017,45,18.5,0.815,2018,45,10.56,0.789,2018,43,0.9657,0.966,2018,15,99.98,1.000,2015,8,85.12,0.851,2015,40,0.47225,0.472,2016,31,0.561,0.561,2017,33,0.737,0.737,2018,36,1.41,0.782,2018,17,0.095,0.095,2018,47,5.33,0.533,2019,48,1.051,0.263,2018,47,0.89,0.956,2016,20,0.81,0.810,2018,25,3.1,0.690,2019,27,104,0.872,2018,18,114,0.924,2018,34,6,0.400,2018,47,0.409,0.409,2018,31,0.640,0.640,2018,8
United Kingdom,GBR,0.664,21,0.595,18,0.615,18,0.781,25,0.718,22,0.661,3,0.577,19,0.764,8,0.257,43,0.581,19,0.599,22,0.540,34,0.825,9,0.529,21,0.877,21,0.792,31,0.826,21,0.877,13,0.720,37,0.595,31,87.596,0.876,2018,9,0.78,0.560,2018,38,57.34,0.573,2018,16,0.61,0.61,2018,32,100.000,1.000,2015,1,7.01E-05,0.333,2018,25,38.311,0.787,2018,8,9.224,0.154,2018,29,2.41,0.839,2018,6,10.53,0.737,2016,17,0.625,0.625,2016,12,0.765,0.765,2018,29,4.829,0.903,2018,16,463.00,0.383,2018,23,53.92879098,0.000,2018,45,27.25,0.389,2018,16,86.65,0.555,2017,21,0.929,0.929,2018,4,0.26,0.260,2016,26,56.4,0.564,2018,16,11.7,0.225,2018,40,0.8,0.968,2015,3,0.638,0.638,2018,28,19,0.475,2018,36,25.44593,0.509,2017,6,745.88,0.636,2018,41,1.1,0.890,2018,11,0.622,0.622,2017,8,96.37,0.964,2017,18,34.8,0.704,2016,26,0.572,0.354,2018,18,99.73,0.987,2016,3,99.91,0.997,2016,4,19.9,0.648,2018,42,98.91,0.946,2018,27,94,0.760,2017,31,28.3,0.404,2017,32,9.5,0.905,2018,16,2.85,0.943,2018,24,0.9756,0.976,2018,11,99.11,0.991,2015,24,95.65,0.957,2015,27,0.54235,0.542,2016,16,0.665,0.665,2017,27,0.981,0.981,2018,15,1.61,0.822,2018,13,0.874,0.874,2018,16,8.00,0.800,2019,24,3.64,0.910,2018,10,1.2,0.94,2016,27,0.93,0.930,2018,1,3.5,0.650,2019,30,361,0.358,2018,47,704,0.531,2018,41,2.4,0.760,2018,38,0.543,0.543,2018,24,0.547,0.547,2018,12
United States,USA,0.553,36,0.497,37,0.469,35,0.692,37,0.502,35,0.555,23,0.544,26,0.448,48,0.436,21,0.333,38,0.408,40,0.414,45,0.846,6,0.346,41,0.842,29,0.794,30,0.781,34,0.832,26,0.578,43,0.326,48,32.471,0.325,2018,37,0.84,0.680,2018,33,72.38,0.724,2018,1,0.65,0.65,2018,27,66.670,0.667,2015,22,0.000,0.333,2018,31,16.903,0.398,2018,21,7.399,0.123,2018,36,4.61,0.693,2018,39,7.4,0.815,2016,9,0.161,0.161,2016,49,0.472,0.472,2018,43,14.495,0.710,2018,31,811.86,0.000,2018,46,7.4617737,0.813,2018,13,34.60,0.494,2018,7,81.69,0.390,2017,39,0.49,0.49,2018,30,0.12,0.120,2016,40,28.3,0.283,2018,30,3.2,0.062,2018,49,5.2,0.792,2016,37,0.495,0.495,2018,39,21,0.525,2018,27,11.76427,0.235,2017,38,853.235,0.482,2018,45,0.9,0.910,2018,9,0.697,0.697,2018,5,93.12,0.931,2017,26,39.7,0.606,2018,40,0.291,0.086,2018,40,95.07,0.754,2016,35,99.2,0.973,2016,16,15.2,0.800,2018,24,99.1,0.955,2017,24,95,0.800,2017,27,25.7,0.367,2017,35,11.7,0.883,2018,28,1.87,0.963,2018,19,0.9458,0.946,2018,24,99.97,1.000,2015,9,99.02,0.990,2015,7,0.5273,0.527,2016,19,0.443,0.443,2017,42,0.944,0.944,2018,28,1.48,0.796,2018,16,0.831,0.831,2018,28,7.67,0.770,2019,39,3.269,0.817,2018,29,5.35,0.733,2016,42,0.93,0.930,2018,1,3.5,0.650,2019,30,639,0.000,2018,49,9824,0.000,2018,47,4.7,0.530,2018,46,0.601,0.601,2018,20,0.173,0.173,2018,28
Uruguay,URY,0.634,29,0.593,21,0.544,29,0.765,30,0.491,37,0.615,13,0.761,3,0.647,31,0.452,18,0.595,18,0.559,32,0.640,12,0.529,40,0.398,34,0.932,6,0.812,25,0.783,33,0.844,21,0.589,42,0.628,24,32.268,0.323,2018,38,0.83,0.660,2018,36,62.38,0.624,2018,7,0.72,0.72,2018,15,66.670,0.667,2015,22,0.269,0.782,2018,4,10.270,0.278,2018,29,41.115,0.685,2018,4,2.79,0.814,2018,13,8.63,0.784,2016,12,0.705,0.705,2016,1,0.236,0.236,2018,48,0.059,0.999,2018,3,367.22,0.510,2018,9,10.78229326,0.730,2018,18,8.00,0.114,2018,40,86.37,0.546,2017,24,0.29,0.29,2018,39,0.95,0.950,2016,4,30.1,0.301,2016,28,14,0.269,2017,36,3.7,0.852,2018,30,0.812,0.812,2018,4,25,0.625,2018,12,19.74035,0.395,2017,22,148.2,0.901,2018,13,2.3,0.770,2018,28,0.179,0.179,2018,47,63.87,0.639,2017,45,41.1,0.578,2016,41,0.428,0.217,2018,29,98.04,0.902,2016,17,98.5,0.950,2016,25,10.69055,0.945,2018,7,99.7,0.985,2017,16,95,0.800,2017,27,37.4,0.534,2017,14,8.3,0.917,2018,9,8.8,0.824,2018,40,0.9306,0.931,2018,29,95.67,0.957,2015,37,94.5,0.945,2015,31,0.31795,0.318,2016,40,0.764,0.764,2017,18,0.958,0.958,2018,21,0.55,0.610,2018,34,0.892,0.892,2018,5,10.00,1.000,2019,1,3.0434,0.761,2018,36,7.69,0.616,2016,44,0.68,0.680,2018,39,4.3,0.570,2019,35,294,0.492,2018,45,0,1.000,2018,1,1.9,0.810,2018,31,0.227,0.227,2018,44,0.477,0.477,2018,13