"ARG",2000,0.7223111632919189,"Index"
"ARG",2001,0.7248834887918526,"Index"
"ARG",2002,0.7425010538419633,"Index"
"ARG",2003,0.7357416914034713,"Index"
"ARG",2004,0.7545052265786617,"Index"
"ARG",2005,0.7535128615089877,"Index"
"ARG",2006,0.7245743773968242,"Index"
"ARG",2007,0.6986143907695419,"Index"
"ARG",2008,0.6899622551330662,"Index"
"ARG",2009,0.8013914157471386,"Index"
"ARG",2010,0.7191456912113791,"Index"
"ARG",2011,0.7155729935534801,"Index"
"ARG",2012,0.7507341997043867,"Index"
"ARG",2013,0.7233425902401999,"Index"
"ARG",2014,0.7176092375101625,"Index"
"ARG",2015,0.7005390798292233,"Index"
"ARG",2016,0.7404114084708661,"Index"
"ARG",2017,0.7266938493619444,"Index"
"ARG",2018,0.7426432909449523,"Index"
"ARG",2019,0.7291266484377356,"Index"
"AUS",2000,0.34426881477459637,"Index"
"AUS",2001,0.38102405378451926,"Index"
"AUS",2002,0.37109816026733783,"Index"
"AUS",2003,0.38889448258016984,"Index"
"AUS",2004,0.30422259935052426,"Index"
"AUS",2005,0.310624063290864,"Index"
"AUS",2006,0.2782506299753365,"Index"
"AUS",2007,0.2977983846535422,"Index"
"AUS",2008,0.31494000402703254,"Index"
"AUS",2009,0.35161118942515623,"Index"
"AUS",2010,0.34952442891645175,"Index"
"AUS",2011,0.2708922783005767,"Index"
"AUS",2012,0.30241223088353497,"Index"
"AUS",2013,0.36808015656791027,"Index"
"AUS",2014,0.37688771098143753,"Index"
"AUS",2015,0.4154916526796411,"Index"
"AUS",2016,0.39929447370827503,"Index"
"AUS",2017,0.29889772200838344,"Index"
"AUS",2018,0.38102470488867424,"Index"
"AUS",2019,0.4447754111177196,"Index"
"AUT",2000,0.46246353162117504,"Index"
"AUT",2001,0.4369595660400921,"Index"
"AUT",2002,0.481099311073995,"Index"
"AUT",2003,0.4445282483037267,"Index"
"AUT",2004,0.45146000574812223,"Index"
"AUT",2005,0.4154066437426114,"Index"
"AUT",2006,0.368237701188241,"Index"
"AUT",2007,0.3748852006993173,"Index"
"AUT",2008,0.373977138867325,"Index"
"AUT",2009,0.4705760160838399,"Index"
"AUT",2010,0.4150105295324295,"Index"
"AUT",2011,0.3905401469388171,"Index"
"AUT",2012,0.46375595426726696,"Index"
"AUT",2013,0.45113959458600383,"Index"
"AUT",2014,0.45667508395058537,"Index"
"AUT",2015,0.46947379049849197,"Index"
"AUT",2016,0.46482086114025867,"Index"
"AUT",2017,0.45386196778864046,"Index"
"AUT",2018,0.4358706071937124,"Index"
"AUT",2019,0.43647614368808163,"Index"
"BEL",2000,0.3343283459937902,"Index"
"BEL",2001,0.34079106387151437,"Index"
"BEL",2002,0.38814397340031226,"Index"
"BEL",2003,0.3859544413140155,"Index"
"BEL",2004,0.39395183055195226,"Index"
"BEL",2005,0.3726863439124514,"Index"
"BEL",2006,0.37012497386335136,"Index"
"BEL",2007,0.3586870624899255,"Index"
"BEL",2008,0.39139959194135104,"Index"
"BEL",2009,0.45355969936222096,"Index"
"BEL",2010,0.4401170682688847,"Index"
"BEL",2011,0.448970890507087,"Index"
"BEL",2012,0.45539588535817926,"Index"
"BEL",2013,0.45992991571335584,"Index"
"BEL",2014,0.46241583203474734,"Index"
"BEL",2015,0.4865374808600017,"Index"
"BEL",2016,0.4970908484348408,"Index"
"BEL",2017,0.4873203943723397,"Index"
"BEL",2018,0.47928863726710963,"Index"
"BEL",2019,0.5000331490126003,"Index"
"BRA",2000,0.7241413938290091,"Index"
"BRA",2001,0.7401558247644237,"Index"
"BRA",2002,0.7587178884659942,"Index"
"BRA",2003,0.750831667622954,"Index"
"BRA",2004,0.7758586983567928,"Index"
"BRA",2005,0.7844451226214189,"Index"
"BRA",2006,0.7865883974871533,"Index"
"BRA",2007,0.7805129518998525,"Index"
"BRA",2008,0.7511558272946893,"Index"
"BRA",2009,0.7664207391929955,"Index"
"BRA",2010,0.737106714893764,"Index"
"BRA",2011,0.7132825516595631,"Index"
"BRA",2012,0.7229378060820142,"Index"
"BRA",2013,0.726514961185673,"Index"
"BRA",2014,0.726055011483219,"Index"
"BRA",2015,0.7425930337748073,"Index"
"BRA",2016,0.7544589191135768,"Index"
"BRA",2017,0.7414881026280945,"Index"
"BRA",2018,0.7559446886425114,"Index"
"BRA",2019,0.769140440481527,"Index"
"CAN",2000,0.11001080822230372,"Index"
"CAN",2001,0.19678589785598477,"Index"
"CAN",2002,0.2159572980040322,"Index"
"CAN",2003,0.15318597360552344,"Index"
"CAN",2004,0.1128177408070712,"Index"
"CAN",2005,0.07169486498391647,"Index"
"CAN",2006,0.1321209759649354,"Index"
"CAN",2007,0.12805686552149645,"Index"
"CAN",2008,0.1404987976349701,"Index"
"CAN",2009,0.24129581851004137,"Index"
"CAN",2010,0.17446128275742973,"Index"
"CAN",2011,0.15067360534087443,"Index"
"CAN",2012,0.17962968065284124,"Index"
"CAN",2013,0.08874582796846918,"Index"
"CAN",2014,0.19064650077633383,"Index"
"CAN",2015,0.178978924915272,"Index"
"CAN",2016,0.17822599972860773,"Index"
"CAN",2017,0.14851018640800911,"Index"
"CAN",2018,0.1489524123717892,"Index"
"CAN",2019,0.1667688750846973,"Index"
"CHL",2000,0.568240330632334,"Index"
"CHL",2001,0.6063266970200134,"Index"
"CHL",2002,0.6163346891473177,"Index"
"CHL",2003,0.6143766158740775,"Index"
"CHL",2004,0.5770792299620577,"Index"
"CHL",2005,0.5681551979540713,"Index"
"CHL",2006,0.5578835259374264,"Index"
"CHL",2007,0.5327415579025577,"Index"
"CHL",2008,0.48693671240986575,"Index"
"CHL",2009,0.5582885356582772,"Index"
"CHL",2010,0.4618820430905178,"Index"
"CHL",2011,0.41679021578759884,"Index"
"CHL",2012,0.4319655706489417,"Index"
"CHL",2013,0.43480514917526314,"Index"
"CHL",2014,0.47706345690268503,"Index"
"CHL",2015,0.45419453364727347,"Index"
"CHL",2016,0.45070236618355103,"Index"
"CHL",2017,0.43594980690990476,"Index"
"CHL",2018,0.44094380637851666,"Index"
"CHL",2019,0.4404167867224499,"Index"
"CHN",2000,0.8754425323022378,"Index"
"CHN",2001,0.8622693949492777,"Index"
"CHN",2002,0.8479626830751791,"Index"
"CHN",2003,0.828149781524436,"Index"
"CHN",2004,0.7955800652219155,"Index"
"CHN",2005,0.7687424530686672,"Index"
"CHN",2006,0.7506256692654664,"Index"
"CHN",2007,0.7158381113541451,"Index"
"CHN",2008,0.703218293484203,"Index"
"CHN",2009,0.6780995340991578,"Index"
"CHN",2010,0.647165130510291,"Index"
"CHN",2011,0.6005882175105091,"Index"
"CHN",2012,0.5986081883770485,"Index"
"CHN",2013,0.581228871591927,"Index"
"CHN",2014,0.5967937018374833,"Index"
"CHN",2015,0.6031492857977631,"Index"
"CHN",2016,0.6045987549294565,"Index"
"CHN",2017,0.5848000838605206,"Index"
"CHN",2018,0.5863115428999027,"Index"
"CHN",2019,0.5602368936955935,"Index"
"COL",2000,0.8272236607136798,"Index"
"COL",2001,0.8339869404167877,"Index"
"COL",2002,0.8423201250835107,"Index"
"COL",2003,0.8211062396419202,"Index"
"COL",2004,0.8402070668083854,"Index"
"COL",2005,0.8365181529409942,"Index"
"COL",2006,0.8349639990618507,"Index"
"COL",2007,0.8296379050315649,"Index"
"COL",2008,0.8319806602724779,"Index"
"COL",2009,0.8322158991407558,"Index"
"COL",2010,0.8217797560117391,"Index"
"COL",2011,0.8282768900885237,"Index"
"COL",2012,0.8447552002913795,"Index"
"COL",2013,0.8387416408994767,"Index"
"COL",2014,0.8260917883203784,"Index"
"COL",2015,0.829716912011988,"Index"
"COL",2016,0.8306090337221047,"Index"
"COL",2017,0.8350033456025475,"Index"
"COL",2018,0.8281439010545932,"Index"
"COL",2019,0.8201803983830742,"Index"
"CZE",2000,0.5399036915116164,"Index"
"CZE",2001,0.4968650286690709,"Index"
"CZE",2002,0.5407023491284586,"Index"
"CZE",2003,0.5589970038273704,"Index"
"CZE",2004,0.43486337821865234,"Index"
"CZE",2005,0.518357317274478,"Index"
"CZE",2006,0.49493610217427053,"Index"
"CZE",2007,0.48000248819655816,"Index"
"CZE",2008,0.45274995833076936,"Index"
"CZE",2009,0.5520978409595976,"Index"
"CZE",2010,0.5125533704235337,"Index"
"CZE",2011,0.523876865178801,"Index"
"CZE",2012,0.5668460215904045,"Index"
"CZE",2013,0.5537339780021536,"Index"
"CZE",2014,0.5392692085122154,"Index"
"CZE",2015,0.5365877199041051,"Index"
"CZE",2016,0.5403996617495547,"Index"
"CZE",2017,0.5425726136378954,"Index"
"CZE",2018,0.5149893527481688,"Index"
"CZE",2019,0.5449587540009548,"Index"
"DNK",2000,0.2872569365307124,"Index"
"DNK",2001,0.349655256293454,"Index"
"DNK",2002,0.37325664649693396,"Index"
"DNK",2003,0.3269016263204246,"Index"
"DNK",2004,0.34727101975832175,"Index"
"DNK",2005,0.3084758627481465,"Index"
"DNK",2006,0.32585955630926067,"Index"
"DNK",2007,0.3052546472639178,"Index"
"DNK",2008,0.31220702546074347,"Index"
"DNK",2009,0.4240950708192111,"Index"
"DNK",2010,0.36694694151603097,"Index"
"DNK",2011,0.4030220869114238,"Index"
"DNK",2012,0.41980447134641374,"Index"
"DNK",2013,0.3842392105202677,"Index"
"DNK",2014,0.35026243957573805,"Index"
"DNK",2015,0.34982951487957376,"Index"
"DNK",2016,0.38028219490844295,"Index"
"DNK",2017,0.34476095858157285,"Index"
"DNK",2018,0.383374094859507,"Index"
"DNK",2019,0.3548289560431263,"Index"
"EST",2000,0.4319142351864796,"Index"
"EST",2001,0.34399601856521506,"Index"
"EST",2002,0.3064979544226285,"Index"
"EST",2003,0.20800358445549536,"Index"
"EST",2004,0.2625911646413763,"Index"
"EST",2005,0.2655810452012231,"Index"
"EST",2006,0.23609407562949436,"Index"
"EST",2007,0.20246591141549317,"Index"
"EST",2008,0.37318715585682943,"Index"
"EST",2009,0.49208673841530187,"Index"
"EST",2010,0.4792456571649984,"Index"
"EST",2011,0.4610279987591052,"Index"
"EST",2012,0.3371481980842849,"Index"
"EST",2013,0.3831328108607597,"Index"
"EST",2014,0.3671499951409534,"Index"
"EST",2015,0.35212607327513357,"Index"
"EST",2016,0.36983914616497804,"Index"
"EST",2017,0.2986118358195078,"Index"
"EST",2018,0.2737346070556715,"Index"
"EST",2019,0.20561301642149424,"Index"
"FIN",2000,0.48469785865515697,"Index"
"FIN",2001,0.4370822062809745,"Index"
"FIN",2002,0.4880326518203231,"Index"
"FIN",2003,0.48933046002034464,"Index"
"FIN",2004,0.5117299166452205,"Index"
"FIN",2005,0.421800493852851,"Index"
"FIN",2006,0.4974592844674704,"Index"
"FIN",2007,0.4626589698731132,"Index"
"FIN",2008,0.438273315771838,"Index"
"FIN",2009,0.5590767334750366,"Index"
"FIN",2010,0.5294219972847503,"Index"
"FIN",2011,0.5252048766766251,"Index"
"FIN",2012,0.531812638784714,"Index"
"FIN",2013,0.5096113725866929,"Index"
"FIN",2014,0.5341425281428874,"Index"
"FIN",2015,0.5450378634286517,"Index"
"FIN",2016,0.5165665901598585,"Index"
"FIN",2017,0.5039465084976882,"Index"
"FIN",2018,0.48054444737657603,"Index"
"FIN",2019,0.5705781136184592,"Index"
"FRA",2000,0.4815620877597203,"Index"
"FRA",2001,0.49362402100651365,"Index"
"FRA",2002,0.5144145386626172,"Index"
"FRA",2003,0.5413179422319647,"Index"
"FRA",2004,0.5092361751590486,"Index"
"FRA",2005,0.5131264099676719,"Index"
"FRA",2006,0.5168874360945639,"Index"
"FRA",2007,0.48478566750301383,"Index"
"FRA",2008,0.48268538348907003,"Index"
"FRA",2009,0.5395296175916523,"Index"
"FRA",2010,0.5217866082197568,"Index"
"FRA",2011,0.524117263699381,"Index"
"FRA",2012,0.5339420855629753,"Index"
"FRA",2013,0.5466284288834308,"Index"
"FRA",2014,0.557440593089725,"Index"
"FRA",2015,0.5772605628538166,"Index"
"FRA",2016,0.6183707994079108,"Index"
"FRA",2017,0.5763396101557283,"Index"
"FRA",2018,0.6094460881514998,"Index"
"FRA",2019,0.5934307267583123,"Index"
"DEU",2000,0.5497071718934797,"Index"
"DEU",2001,0.54346695571278,"Index"
"DEU",2002,0.5893749811001222,"Index"
"DEU",2003,0.6028390664381944,"Index"
"DEU",2004,0.5856041394404431,"Index"
"DEU",2005,0.57307341259214,"Index"
"DEU",2006,0.5478463289251279,"Index"
"DEU",2007,0.5327353776734819,"Index"
"DEU",2008,0.5205075417491712,"Index"
"DEU",2009,0.5673980524557485,"Index"
"DEU",2010,0.5297055160593318,"Index"
"DEU",2011,0.5361854130050089,"Index"
"DEU",2012,0.5442738370227304,"Index"
"DEU",2013,0.5276211703960548,"Index"
"DEU",2014,0.5328434217195028,"Index"
"DEU",2015,0.5514163544956544,"Index"
"DEU",2016,0.5603489833043391,"Index"
"DEU",2017,0.5610967259599363,"Index"
"DEU",2018,0.5740906603276174,"Index"
"DEU",2019,0.5851421570597368,"Index"
"GRC",2000,0.45218542472829076,"Index"
"GRC",2001,0.4661540028012639,"Index"
"GRC",2002,0.5401141037560513,"Index"
"GRC",2003,0.5219534265546267,"Index"
"GRC",2004,0.5075923745837384,"Index"
"GRC",2005,0.48935782482742973,"Index"
"GRC",2006,0.5113924506900145,"Index"
"GRC",2007,0.47865821561946964,"Index"
"GRC",2008,0.5338765698614916,"Index"
"GRC",2009,0.6011764298003016,"Index"
"GRC",2010,0.6244679552703108,"Index"
"GRC",2011,0.6679862147890385,"Index"
"GRC",2012,0.7045184779287134,"Index"
"GRC",2013,0.7280081976651743,"Index"
"GRC",2014,0.6784146631955654,"Index"
"GRC",2015,0.6768009691073453,"Index"
"GRC",2016,0.6861455728977307,"Index"
"GRC",2017,0.6810073530686086,"Index"
"GRC",2018,0.7073995985477207,"Index"
"GRC",2019,0.7057273949393508,"Index"
"HUN",2000,0.7451353026384396,"Index"
"HUN",2001,0.6812609385298479,"Index"
"HUN",2002,0.7066585817288116,"Index"
"HUN",2003,0.7177274831313456,"Index"
"HUN",2004,0.6347621873665912,"Index"
"HUN",2005,0.6391871797092296,"Index"
"HUN",2006,0.6512737384703582,"Index"
"HUN",2007,0.6953119238012191,"Index"
"HUN",2008,0.6186439262835889,"Index"
"HUN",2009,0.7249131779477079,"Index"
"HUN",2010,0.7327730795294606,"Index"
"HUN",2011,0.699287180205082,"Index"
"HUN",2012,0.7666974392645053,"Index"
"HUN",2013,0.7078504729418936,"Index"
"HUN",2014,0.677215413364997,"Index"
"HUN",2015,0.6842747247570543,"Index"
"HUN",2016,0.6372241534629473,"Index"
"HUN",2017,0.6597099906885555,"Index"
"HUN",2018,0.6384417730557786,"Index"
"HUN",2019,0.6574012505444561,"Index"
"IND",2000,0.9853109720687214,"Index"
"IND",2001,0.9830307684849918,"Index"
"IND",2002,0.9854443119016085,"Index"
"IND",2003,0.9801713894077465,"Index"
"IND",2004,0.9777858286850745,"Index"
"IND",2005,0.9740775864069274,"Index"
"IND",2006,0.9691901246234712,"Index"
"IND",2007,0.9602020717286981,"Index"
"IND",2008,0.9546007296525009,"Index"
"IND",2009,0.9490187691656565,"Index"
"IND",2010,0.9387088412370792,"Index"
"IND",2011,0.9310029923855062,"Index"
"IND",2012,0.9238884599618445,"Index"
"IND",2013,0.924285954909225,"Index"
"IND",2014,0.9151630576839439,"Index"
"IND",2015,0.9140526834080867,"Index"
"IND",2016,0.91392052850403,"Index"
"IND",2017,0.9071691115311877,"Index"
"IND",2018,0.9039408646025624,"Index"
"IND",2019,0.9037721608006477,"Index"
"IDN",2000,0.9267219310897086,"Index"
"IDN",2001,0.9237983808093738,"Index"
"IDN",2002,0.9243390173297205,"Index"
"IDN",2003,0.9218428346658183,"Index"
"IDN",2004,0.9135657728028408,"Index"
"IDN",2005,0.9158191544862635,"Index"
"IDN",2006,0.919157291644796,"Index"
"IDN",2007,0.9138342924120425,"Index"
"IDN",2008,0.9021544728304853,"Index"
"IDN",2009,0.9022807919195921,"Index"
"IDN",2010,0.897727225688411,"Index"
"IDN",2011,0.8820527422117911,"Index"
"IDN",2012,0.8835607605974543,"Index"
"IDN",2013,0.8911128603775241,"Index"
"IDN",2014,0.8806415849171504,"Index"
"IDN",2015,0.8808916785805515,"Index"
"IDN",2016,0.8823383869049259,"Index"
"IDN",2017,0.8824076319221245,"Index"
"IDN",2018,0.85456579738625,"Index"
"IDN",2019,0.8557015571125841,"Index"
"IRL",2000,0.32366247045358504,"Index"
"IRL",2001,0.32682408743996594,"Index"
"IRL",2002,0.37424342207933836,"Index"
"IRL",2003,0.3896371462712356,"Index"
"IRL",2004,0.42725331506553593,"Index"
"IRL",2005,0.37504391704517753,"Index"
"IRL",2006,0.2782600536059647,"Index"
"IRL",2007,0.3150588778138563,"Index"
"IRL",2008,0.4197273283196816,"Index"
"IRL",2009,0.5001709877382507,"Index"
"IRL",2010,0.5004144777820507,"Index"
"IRL",2011,0.5461316381423763,"Index"
"IRL",2012,0.5740474306178852,"Index"
"IRL",2013,0.5450034663377687,"Index"
"IRL",2014,0.5466325859637466,"Index"
"IRL",2015,0.5253632605828285,"Index"
"IRL",2016,0.5375449114077403,"Index"
"IRL",2017,0.5315676881657608,"Index"
"IRL",2018,0.5420372177992789,"Index"
"IRL",2019,0.5758718620043211,"Index"
"ISR",2000,0.4317541223158451,"Index"
"ISR",2001,0.41768655599721455,"Index"
"ISR",2002,0.42801383452516456,"Index"
"ISR",2003,0.4898153389997426,"Index"
"ISR",2004,0.4447299907959924,"Index"
"ISR",2005,0.453565224760193,"Index"
"ISR",2006,0.4180091432293094,"Index"
"ISR",2007,0.4098796035492054,"Index"
"ISR",2008,0.4106204221448581,"Index"
"ISR",2009,0.48588842546430594,"Index"
"ISR",2010,0.40663879724522917,"Index"
"ISR",2011,0.34856182026294086,"Index"
"ISR",2012,0.3243140307157528,"Index"
"ISR",2013,0.40230833696439633,"Index"
"ISR",2014,0.5255258794479527,"Index"
"ISR",2015,0.415316941960639,"Index"
"ISR",2016,0.5234613800395402,"Index"
"ISR",2017,0.4222284039891942,"Index"
"ISR",2018,0.5290686007557485,"Index"
"ISR",2019,0.5199931039825975,"Index"
"ITA",2000,0.5109762624478833,"Index"
"ITA",2001,0.5072821744316381,"Index"
"ITA",2002,0.5293597886896922,"Index"
"ITA",2003,0.5230119484964845,"Index"
"ITA",2004,0.5065303503095887,"Index"
"ITA",2005,0.5166307041790352,"Index"
"ITA",2006,0.522750449009163,"Index"
"ITA",2007,0.518417581529652,"Index"
"ITA",2008,0.5606535047749479,"Index"
"ITA",2009,0.6160041309113256,"Index"
"ITA",2010,0.5790213098658055,"Index"
"ITA",2011,0.5871576016195238,"Index"
"ITA",2012,0.6262853821537838,"Index"
"ITA",2013,0.6485070880774529,"Index"
"ITA",2014,0.6529105580608054,"Index"
"ITA",2015,0.6607475906341691,"Index"
"ITA",2016,0.6607121755019038,"Index"
"ITA",2017,0.6563962573511494,"Index"
"ITA",2018,0.6527281078551379,"Index"
"ITA",2019,0.6519415265929169,"Index"
"JPN",2000,0.5018657511967248,"Index"
"JPN",2001,0.49349570634852713,"Index"
"JPN",2002,0.5185109862797822,"Index"
"JPN",2003,0.5225823939109173,"Index"
"JPN",2004,0.5183994252099136,"Index"
"JPN",2005,0.5062106330277146,"Index"
"JPN",2006,0.5157096523381999,"Index"
"JPN",2007,0.5112071191168098,"Index"
"JPN",2008,0.5259986566542039,"Index"
"JPN",2009,0.5935595024887669,"Index"
"JPN",2010,0.5570099524112704,"Index"
"JPN",2011,0.5583984425584199,"Index"
"JPN",2012,0.5335777698599253,"Index"
"JPN",2013,0.539375389864318,"Index"
"JPN",2014,0.5527499159277312,"Index"
"JPN",2015,0.5872806553768651,"Index"
"JPN",2016,0.5933434954539762,"Index"
"JPN",2017,0.5763604240809618,"Index"
"JPN",2018,0.5840210920649215,"Index"
"JPN",2019,0.5909918831349462,"Index"
"KOR",2000,0.48730379737793117,"Index"
"KOR",2001,0.4324898130831143,"Index"
"KOR",2002,0.4343293135468572,"Index"
"KOR",2003,0.5811032692905276,"Index"
"KOR",2004,0.5197120316035505,"Index"
"KOR",2005,0.5762665690577429,"Index"
"KOR",2006,0.47897611662668393,"Index"
"KOR",2007,0.45034290436578206,"Index"
"KOR",2008,0.43674748573959504,"Index"
"KOR",2009,0.4929009920876106,"Index"
"KOR",2010,0.40778417431836317,"Index"
"KOR",2011,0.39197127781946434,"Index"
"KOR",2012,0.4226631126332808,"Index"
"KOR",2013,0.42436160637681464,"Index"
"KOR",2014,0.4356756402744255,"Index"
"KOR",2015,0.40484425354285114,"Index"
"KOR",2016,0.39476511429838235,"Index"
"KOR",2017,0.37342330986419087,"Index"
"KOR",2018,0.3613112966722869,"Index"
"KOR",2019,0.389862008781411,"Index"
"KWT",2000,0.21471883128581987,"Index"
"KWT",2001,0.15053770670025082,"Index"
"KWT",2002,0.13960785835367542,"Index"
"KWT",2003,0.1282344687770411,"Index"
"KWT",2004,0.043099437013888894,"Index"
"KWT",2005,0,"Index"
"KWT",2006,0,"Index"
"KWT",2007,0.022595216121941562,"Index"
"KWT",2008,0,"Index"
"KWT",2009,0.027609469372404,"Index"
"KWT",2010,0.3588914429128183,"Index"
"KWT",2011,0.345955304785944,"Index"
"KWT",2012,0.3621382965187713,"Index"
"KWT",2013,0.41342179939352647,"Index"
"KWT",2014,0.43141224825871355,"Index"
"KWT",2015,0.3481809747132064,"Index"
"KWT",2016,0.31167446473761284,"Index"
"KWT",2017,0.24684593367005228,"Index"
"KWT",2018,0.18555444079097264,"Index"
"KWT",2019,0.26210956018149084,"Index"
"LVA",2000,0.6059183343851601,"Index"
"LVA",2001,0.6311507503373786,"Index"
"LVA",2002,0.5902257061861185,"Index"
"LVA",2003,0.5777158780845592,"Index"
"LVA",2004,0.527103086034161,"Index"
"LVA",2005,0.4585539912293161,"Index"
"LVA",2006,0.4640704156683861,"Index"
"LVA",2007,0.299222823254889,"Index"
"LVA",2008,0.4960568467593145,"Index"
"LVA",2009,0.5483172580419057,"Index"
"LVA",2010,0.5677521280921201,"Index"
"LVA",2011,0.5108093522942109,"Index"
"LVA",2012,0.4612236572749071,"Index"
"LVA",2013,0.4497249382581572,"Index"
"LVA",2014,0.41857999878784746,"Index"
"LVA",2015,0.3627800389346033,"Index"
"LVA",2016,0.39683203200812583,"Index"
"LVA",2017,0.3587389052429297,"Index"
"LVA",2018,0.4069564355544853,"Index"
"LVA",2019,0.3447062361673492,"Index"
"LTU",2000,0.7098853157053259,"Index"
"LTU",2001,0.7370672674965715,"Index"
"LTU",2002,0.7097496324448659,"Index"
"LTU",2003,0.6982922959255818,"Index"
"LTU",2004,0.6372357996519122,"Index"
"LTU",2005,0.6368331278371308,"Index"
"LTU",2006,0.6656469528745776,"Index"
"LTU",2007,0.5879889489870499,"Index"
"LTU",2008,0.6208751406265862,"Index"
"LTU",2009,0.6848066436658798,"Index"
"LTU",2010,0.6897413426064465,"Index"
"LTU",2011,0.6698211313105801,"Index"
"LTU",2012,0.6015723741087191,"Index"
"LTU",2013,0.6250768246151698,"Index"
"LTU",2014,0.5256342905957948,"Index"
"LTU",2015,0.5423067657239319,"Index"
"LTU",2016,0.5627186772776769,"Index"
"LTU",2017,0.5244904103317104,"Index"
"LTU",2018,0.5981349768364578,"Index"
"LTU",2019,0.5519666757094172,"Index"
"LUX",2000,0,"Index"
"LUX",2001,0,"Index"
"LUX",2002,0,"Index"
"LUX",2003,0,"Index"
"LUX",2004,0,"Index"
"LUX",2005,0,"Index"
"LUX",2006,0,"Index"
"LUX",2007,0,"Index"
"LUX",2008,0,"Index"
"LUX",2009,0,"Index"
"LUX",2010,0,"Index"
"LUX",2011,0,"Index"
"LUX",2012,0,"Index"
"LUX",2013,0,"Index"
"LUX",2014,0,"Index"
"LUX",2015,0,"Index"
"LUX",2016,0,"Index"
"LUX",2017,0,"Index"
"LUX",2018,0,"Index"
"LUX",2019,0,"Index"
"MEX",2000,0.6335994835910485,"Index"
"MEX",2001,0.6320023726372408,"Index"
"MEX",2002,0.6563807232299446,"Index"
"MEX",2003,0.6568672642592844,"Index"
"MEX",2004,0.6598739764459659,"Index"
"MEX",2005,0.6473160350574428,"Index"
"MEX",2006,0.6259024486463591,"Index"
"MEX",2007,0.6164181406618444,"Index"
"MEX",2008,0.6019490590016142,"Index"
"MEX",2009,0.6649824405247377,"Index"
"MEX",2010,0.6339287870745254,"Index"
"MEX",2011,0.6416940829655196,"Index"
"MEX",2012,0.6277707589759122,"Index"
"MEX",2013,0.6428930061910603,"Index"
"MEX",2014,0.6704233832050388,"Index"
"MEX",2015,0.6734499511359958,"Index"
"MEX",2016,0.6752992666964193,"Index"
"MEX",2017,0.6619372535138118,"Index"
"MEX",2018,0.6646636547281339,"Index"
"MEX",2019,0.6693000943530794,"Index"
"NLD",2000,0.5636463568454108,"Index"
"NLD",2001,0.5349526174669675,"Index"
"NLD",2002,0.5735581433047852,"Index"
"NLD",2003,0.568541863401268,"Index"
"NLD",2004,0.579296005007239,"Index"
"NLD",2005,0.5533417444597769,"Index"
"NLD",2006,0.547121747353914,"Index"
"NLD",2007,0.5550773661676132,"Index"
"NLD",2008,0.5668544451794197,"Index"
"NLD",2009,0.6788325218615149,"Index"
"NLD",2010,0.6199119946859942,"Index"
"NLD",2011,0.6111228722573789,"Index"
"NLD",2012,0.6044641792081294,"Index"
"NLD",2013,0.6268740945986571,"Index"
"NLD",2014,0.6305988690485447,"Index"
"NLD",2015,0.6799610203939332,"Index"
"NLD",2016,0.7242716255999524,"Index"
"NLD",2017,0.7338064329904235,"Index"
"NLD",2018,0.7150457893207874,"Index"
"NLD",2019,0.669753333220378,"Index"
"NZL",2000,0.526032393398065,"Index"
"NZL",2001,0.4824786465580941,"Index"
"NZL",2002,0.5003318769220396,"Index"
"NZL",2003,0.4770375806364324,"Index"
"NZL",2004,0.526274776859874,"Index"
"NZL",2005,0.5212408304967632,"Index"
"NZL",2006,0.5898243195810701,"Index"
"NZL",2007,0.5328783815703129,"Index"
"NZL",2008,0.5486867014093842,"Index"
"NZL",2009,0.6490334820796436,"Index"
"NZL",2010,0.6102879032424534,"Index"
"NZL",2011,0.5388259032061484,"Index"
"NZL",2012,0.5758533321877998,"Index"
"NZL",2013,0.5970792939127438,"Index"
"NZL",2014,0.577092735861915,"Index"
"NZL",2015,0.5997437710819863,"Index"
"NZL",2016,0.6189837213188858,"Index"
"NZL",2017,0.5171719329138725,"Index"
"NZL",2018,0.5549361643871095,"Index"
"NZL",2019,0.5778554300096935,"Index"
"NOR",2000,0.5295751455080455,"Index"
"NOR",2001,0.5703157422440224,"Index"
"NOR",2002,0.6283209569008844,"Index"
"NOR",2003,0.5729827966830683,"Index"
"NOR",2004,0.5447186005208189,"Index"
"NOR",2005,0.5768371359510563,"Index"
"NOR",2006,0.5426532750529619,"Index"
"NOR",2007,0.5267009532080984,"Index"
"NOR",2008,0.5416958622691609,"Index"
"NOR",2009,0.6113485208393377,"Index"
"NOR",2010,0.5243058170136371,"Index"
"NOR",2011,0.596987739582712,"Index"
"NOR",2012,0.595858258426773,"Index"
"NOR",2013,0.5689320871756287,"Index"
"NOR",2014,0.5584936472453759,"Index"
"NOR",2015,0.6199893882584865,"Index"
"NOR",2016,0.6406440062411184,"Index"
"NOR",2017,0.5923588230576198,"Index"
"NOR",2018,0.598633406950872,"Index"
"NOR",2019,0.5934403762602865,"Index"
"POL",2000,0.667260365453698,"Index"
"POL",2001,0.6629755225841499,"Index"
"POL",2002,0.6778659032569033,"Index"
"POL",2003,0.6834069875842145,"Index"
"POL",2004,0.6452450430326544,"Index"
"POL",2005,0.6521407824254819,"Index"
"POL",2006,0.6461044268105142,"Index"
"POL",2007,0.5945124130950473,"Index"
"POL",2008,0.5995766584659487,"Index"
"POL",2009,0.6494599606920363,"Index"
"POL",2010,0.6298905462210523,"Index"
"POL",2011,0.6288240094808868,"Index"
"POL",2012,0.6420093502111962,"Index"
"POL",2013,0.650987155722873,"Index"
"POL",2014,0.6337901623919897,"Index"
"POL",2015,0.6540119447458295,"Index"
"POL",2016,0.6266870668680492,"Index"
"POL",2017,0.5996004896135783,"Index"
"POL",2018,0.6084168039602508,"Index"
"POL",2019,0.6235100837030682,"Index"
"PRT",2000,0.5665046094502931,"Index"
"PRT",2001,0.5575171166352798,"Index"
"PRT",2002,0.5888103177021436,"Index"
"PRT",2003,0.6336544344000293,"Index"
"PRT",2004,0.600624934727691,"Index"
"PRT",2005,0.6021590495354688,"Index"
"PRT",2006,0.6064300382220297,"Index"
"PRT",2007,0.5960740251061786,"Index"
"PRT",2008,0.6213152333962556,"Index"
"PRT",2009,0.6477915807397097,"Index"
"PRT",2010,0.6321176768923252,"Index"
"PRT",2011,0.6633215392295281,"Index"
"PRT",2012,0.7050723869364914,"Index"
"PRT",2013,0.7040317123060357,"Index"
"PRT",2014,0.6972578275772565,"Index"
"PRT",2015,0.6748895509645475,"Index"
"PRT",2016,0.6796661252482615,"Index"
"PRT",2017,0.6281627183251778,"Index"
"PRT",2018,0.6310940144511311,"Index"
"PRT",2019,0.6329112922067257,"Index"
"RUS",2000,0.44732988044259714,"Index"
"RUS",2001,0.39752048912860355,"Index"
"RUS",2002,0.47004098123295385,"Index"
"RUS",2003,0.4623163491710147,"Index"
"RUS",2004,0.45743483559836634,"Index"
"RUS",2005,0.48925604808133444,"Index"
"RUS",2006,0.4530788136522392,"Index"
"RUS",2007,0.4541719216300254,"Index"
"RUS",2008,0.3669576706563956,"Index"
"RUS",2009,0.44890022148109215,"Index"
"RUS",2010,0.46412950131905734,"Index"
"RUS",2011,0.3643458438426275,"Index"
"RUS",2012,0.42551772549046757,"Index"
"RUS",2013,0.3975050456432099,"Index"
"RUS",2014,0.4417748733367443,"Index"
"RUS",2015,0.48626267659847017,"Index"
"RUS",2016,0.48490186969872956,"Index"
"RUS",2017,0.4603285189799815,"Index"
"RUS",2018,0.4631850926050841,"Index"
"RUS",2019,0.4595124848085253,"Index"
"SGP",2000,0.03679573423610454,"Index"
"SGP",2001,0.1109152348043717,"Index"
"SGP",2002,0.24839200121190685,"Index"
"SGP",2003,0.24653962055299802,"Index"
"SGP",2004,0.23103982117698416,"Index"
"SGP",2005,0.33529721394248313,"Index"
"SGP",2006,0.30180113199752434,"Index"
"SGP",2007,0.13295175137985846,"Index"
"SGP",2008,0,"Index"
"SGP",2009,0,"Index"
"SGP",2010,0,"Index"
"SGP",2011,0,"Index"
"SGP",2012,0,"Index"
"SGP",2013,0,"Index"
"SGP",2014,0,"Index"
"SGP",2015,0,"Index"
"SGP",2016,0,"Index"
"SGP",2017,0,"Index"
"SGP",2018,0,"Index"
"SGP",2019,0.004938175817734953,"Index"
"SVK",2000,0.7553139403560827,"Index"
"SVK",2001,0.7067370389570925,"Index"
"SVK",2002,0.7253790418453818,"Index"
"SVK",2003,0.7368964888932545,"Index"
"SVK",2004,0.6712664404724966,"Index"
"SVK",2005,0.6556978974176382,"Index"
"SVK",2006,0.6662998608948859,"Index"
"SVK",2007,0.6391110493471793,"Index"
"SVK",2008,0.5943686109119063,"Index"
"SVK",2009,0.6863574291670687,"Index"
"SVK",2010,0.6752742755623767,"Index"
"SVK",2011,0.669781313257112,"Index"
"SVK",2012,0.7148852525366883,"Index"
"SVK",2013,0.6709520775610561,"Index"
"SVK",2014,0.6719299579085111,"Index"
"SVK",2015,0.6756629114867715,"Index"
"SVK",2016,0.681732854210331,"Index"
"SVK",2017,0.6895029546476488,"Index"
"SVK",2018,0.6677539212252338,"Index"
"SVK",2019,0.6831699073459127,"Index"
"SVN",2000,0.6155453575563946,"Index"
"SVN",2001,0.6151873822838536,"Index"
"SVN",2002,0.6115537503090402,"Index"
"SVN",2003,0.5830203558130135,"Index"
"SVN",2004,0.5340552196731173,"Index"
"SVN",2005,0.5392072547118129,"Index"
"SVN",2006,0.5160320851017911,"Index"
"SVN",2007,0.4238172281202169,"Index"
"SVN",2008,0.37666413458784886,"Index"
"SVN",2009,0.5175076087912287,"Index"
"SVN",2010,0.48491847497505075,"Index"
"SVN",2011,0.5635593563493198,"Index"
"SVN",2012,0.6070757073760514,"Index"
"SVN",2013,0.6282068178031222,"Index"
"SVN",2014,0.6126232149262266,"Index"
"SVN",2015,0.597631641568591,"Index"
"SVN",2016,0.5952474388441125,"Index"
"SVN",2017,0.5596482704482023,"Index"
"SVN",2018,0.5544224906570108,"Index"
"SVN",2019,0.5460422894384698,"Index"
"ZAF",2000,0.689860124054412,"Index"
"ZAF",2001,0.6635110027976615,"Index"
"ZAF",2002,0.6723343142850107,"Index"
"ZAF",2003,0.6557923844244742,"Index"
"ZAF",2004,0.6128801357162029,"Index"
"ZAF",2005,0.6238549713296581,"Index"
"ZAF",2006,0.5868961861958081,"Index"
"ZAF",2007,0.5592577318876983,"Index"
"ZAF",2008,0.5481692181843696,"Index"
"ZAF",2009,0.5928885088237041,"Index"
"ZAF",2010,0.5741008077222399,"Index"
"ZAF",2011,0.5950318137455598,"Index"
"ZAF",2012,0.5554744357476665,"Index"
"ZAF",2013,0.5764787555479101,"Index"
"ZAF",2014,0.5655646387830507,"Index"
"ZAF",2015,0.6135853380559828,"Index"
"ZAF",2016,0.6227312704424001,"Index"
"ZAF",2017,0.5979826378449683,"Index"
"ZAF",2018,0.6046621451669729,"Index"
"ZAF",2019,0.6061885829338696,"Index"
"ESP",2000,0.4917732644641685,"Index"
"ESP",2001,0.5041157301699143,"Index"
"ESP",2002,0.5042763225734203,"Index"
"ESP",2003,0.49471433123771597,"Index"
"ESP",2004,0.48805092990819304,"Index"
"ESP",2005,0.5053632644395222,"Index"
"ESP",2006,0.47672411804977244,"Index"
"ESP",2007,0.4541776621060945,"Index"
"ESP",2008,0.5201469310224909,"Index"
"ESP",2009,0.5817359273641887,"Index"
"ESP",2010,0.6087411210754631,"Index"
"ESP",2011,0.6250544871358124,"Index"
"ESP",2012,0.6737113792488333,"Index"
"ESP",2013,0.6452905007839433,"Index"
"ESP",2014,0.671384874474813,"Index"
"ESP",2015,0.6533698023948709,"Index"
"ESP",2016,0.6408144786644967,"Index"
"ESP",2017,0.6432995136816297,"Index"
"ESP",2018,0.6100141138015422,"Index"
"ESP",2019,0.6632846268803481,"Index"
"SWE",2000,0.49231805873114226,"Index"
"SWE",2001,0.518454410720003,"Index"
"SWE",2002,0.4988414138438382,"Index"
"SWE",2003,0.4839240462319466,"Index"
"SWE",2004,0.5301732207895359,"Index"
"SWE",2005,0.32169820622047607,"Index"
"SWE",2006,0.5756363840299455,"Index"
"SWE",2007,0.41632635502706805,"Index"
"SWE",2008,0.49389242604261235,"Index"
"SWE",2009,0.5906736904438206,"Index"
"SWE",2010,0.45417211616090547,"Index"
"SWE",2011,0.46641030605521916,"Index"
"SWE",2012,0.5114698966639775,"Index"
"SWE",2013,0.5056564622172414,"Index"
"SWE",2014,0.4856223627343557,"Index"
"SWE",2015,0.5092783314865179,"Index"
"SWE",2016,0.511804184106771,"Index"
"SWE",2017,0.48089724577034865,"Index"
"SWE",2018,0.49005186710782234,"Index"
"SWE",2019,0.4675885103629343,"Index"
"CHE",2000,0.48426950222733295,"Index"
"CHE",2001,0.4948876273272855,"Index"
"CHE",2002,0.5356467095021201,"Index"
"CHE",2003,0.5247290922798236,"Index"
"CHE",2004,0.5113743974964825,"Index"
"CHE",2005,0.46580814284259564,"Index"
"CHE",2006,0.45065239809193347,"Index"
"CHE",2007,0.415848898459838,"Index"
"CHE",2008,0.4645421344976677,"Index"
"CHE",2009,0.49923738772600135,"Index"
"CHE",2010,0.4586149948720281,"Index"
"CHE",2011,0.4689757916676768,"Index"
"CHE",2012,0.5044145637317493,"Index"
"CHE",2013,0.5072461536071547,"Index"
"CHE",2014,0.5276831775828339,"Index"
"CHE",2015,0.542414266413356,"Index"
"CHE",2016,0.5676946078047296,"Index"
"CHE",2017,0.571427189120995,"Index"
"CHE",2018,0.585636909755334,"Index"
"CHE",2019,0.5959575609977918,"Index"
"TUR",2000,0.6826025208377546,"Index"
"TUR",2001,0.7383313963122371,"Index"
"TUR",2002,0.7231307202787007,"Index"
"TUR",2003,0.71987579305837,"Index"
"TUR",2004,0.7194121091220642,"Index"
"TUR",2005,0.7091350196649199,"Index"
"TUR",2006,0.6986134257713683,"Index"
"TUR",2007,0.6964290772153331,"Index"
"TUR",2008,0.6916517299828828,"Index"
"TUR",2009,0.705122869286831,"Index"
"TUR",2010,0.6817098367550891,"Index"
"TUR",2011,0.6547869099352278,"Index"
"TUR",2012,0.6544552958141269,"Index"
"TUR",2013,0.6743154389798497,"Index"
"TUR",2014,0.6695637954452655,"Index"
"TUR",2015,0.6596364364460588,"Index"
"TUR",2016,0.654692450399898,"Index"
"TUR",2017,0.6137201104119114,"Index"
"TUR",2018,0.6309591971296283,"Index"
"TUR",2019,0.6563500732108347,"Index"
"GBR",2000,0.5460694482936541,"Index"
"GBR",2001,0.4921476324509066,"Index"
"GBR",2002,0.5268927490574689,"Index"
"GBR",2003,0.5234946471876989,"Index"
"GBR",2004,0.5189020240964692,"Index"
"GBR",2005,0.5053628314421885,"Index"
"GBR",2006,0.4936882591722966,"Index"
"GBR",2007,0.4808663437811941,"Index"
"GBR",2008,0.5347819359106668,"Index"
"GBR",2009,0.6025077334468248,"Index"
"GBR",2010,0.6088627488614707,"Index"
"GBR",2011,0.6273318198629041,"Index"
"GBR",2012,0.6242570293355644,"Index"
"GBR",2013,0.6037574121431777,"Index"
"GBR",2014,0.6286088583386578,"Index"
"GBR",2015,0.6413662917105314,"Index"
"GBR",2016,0.6631709216524045,"Index"
"GBR",2017,0.6547426023906201,"Index"
"GBR",2018,0.661362135067264,"Index"
"GBR",2019,0.6768156024570748,"Index"
"USA",2000,0,"Index"
"USA",2001,0,"Index"
"USA",2002,0.053954274853878846,"Index"
"USA",2003,0.04296801235161226,"Index"
"USA",2004,0,"Index"
"USA",2005,0,"Index"
"USA",2006,0,"Index"
"USA",2007,0,"Index"
"USA",2008,0.07686808086098056,"Index"
"USA",2009,0.2756733737318443,"Index"
"USA",2010,0.18216085294929568,"Index"
"USA",2011,0.2105823516391608,"Index"
"USA",2012,0.22070764907730914,"Index"
"USA",2013,0.1909925621897742,"Index"
"USA",2014,0.18867887013708545,"Index"
"USA",2015,0.2010336602017677,"Index"
"USA",2016,0.21378901652004845,"Index"
"USA",2017,0.23483365047370572,"Index"
"USA",2018,0.21906241611645783,"Index"
"USA",2019,0.256565686998543,"Index"
"DZA",2000,0.9080948197893646,"Index"
"DZA",2001,0.9052076927699673,"Index"
"DZA",2002,0.902145530835209,"Index"
"DZA",2003,0.8910510452261182,"Index"
"DZA",2004,0.8863723158443649,"Index"
"DZA",2005,0.8800403694876126,"Index"
"DZA",2006,0.882408767522603,"Index"
"DZA",2007,0.8841023870929188,"Index"
"DZA",2008,0.8738657686375976,"Index"
"DZA",2009,0.864574624327934,"Index"
"DZA",2010,0.8715840389622362,"Index"
"DZA",2011,0.8555636877395966,"Index"
"DZA",2012,0.840464330290343,"Index"
"DZA",2013,0.8335551222953707,"Index"
"DZA",2014,0.8332467574903306,"Index"
"DZA",2015,0.82846738291887,"Index"
"DZA",2016,0.8478630411347776,"Index"
"DZA",2017,0.8512143010298046,"Index"
"DZA",2018,0.8353825885542489,"Index"
"DZA",2019,0.8403542392326605,"Index"
"BGD",2000,1,"Index"
"BGD",2001,1,"Index"
"BGD",2002,1,"Index"
"BGD",2003,1,"Index"
"BGD",2004,1,"Index"
"BGD",2005,1,"Index"
"BGD",2006,1,"Index"
"BGD",2007,1,"Index"
"BGD",2008,1,"Index"
"BGD",2009,0.9984124690832658,"Index"
"BGD",2010,0.9932071903932078,"Index"
"BGD",2011,0.9892906921681361,"Index"
"BGD",2012,0.9923860987743046,"Index"
"BGD",2013,0.9900110397916007,"Index"
"BGD",2014,0.9856095675859399,"Index"
"BGD",2015,0.9780274078671016,"Index"
"BGD",2016,0.9807645863501184,"Index"
"BGD",2017,0.9747791437380443,"Index"
"BGD",2018,0.9747211985807611,"Index"
"BGD",2019,0.9728909135428673,"Index"
"ECU",2000,0.8579636395111268,"Index"
"ECU",2001,0.8129781165510817,"Index"
"ECU",2002,0.8292925735456456,"Index"
"ECU",2003,0.8568904334336145,"Index"
"ECU",2004,0.8627914724730129,"Index"
"ECU",2005,0.8490006854113139,"Index"
"ECU",2006,0.8588673900526167,"Index"
"ECU",2007,0.8654714638416386,"Index"
"ECU",2008,0.8512809519286156,"Index"
"ECU",2009,0.8642823119214763,"Index"
"ECU",2010,0.8388348790729454,"Index"
"ECU",2011,0.85939274897249,"Index"
"ECU",2012,0.8622587188363237,"Index"
"ECU",2013,0.8649491310405997,"Index"
"ECU",2014,0.8559080006149931,"Index"
"ECU",2015,0.8687665237128234,"Index"
"ECU",2016,0.8984768991182203,"Index"
"ECU",2017,0.8869746820313752,"Index"
"ECU",2018,0.8828163002107096,"Index"
"ECU",2019,0.8831787714051326,"Index"
"EGY",2000,0.9099005148703868,"Index"
"EGY",2001,0.9073941066215245,"Index"
"EGY",2002,0.9163564328957685,"Index"
"EGY",2003,0.9213483717387125,"Index"
"EGY",2004,0.9172840477304556,"Index"
"EGY",2005,0.900963985963968,"Index"
"EGY",2006,0.8909249371091628,"Index"
"EGY",2007,0.8829278856610122,"Index"
"EGY",2008,0.8831985071387239,"Index"
"EGY",2009,0.8914878049551745,"Index"
"EGY",2010,0.8792921339995035,"Index"
"EGY",2011,0.879721523546596,"Index"
"EGY",2012,0.8751444884018262,"Index"
"EGY",2013,0.8762394555045523,"Index"
"EGY",2014,0.8753517809089412,"Index"
"EGY",2015,0.8739100881542068,"Index"
"EGY",2016,0.8846312640507369,"Index"
"EGY",2017,0.8815921209848591,"Index"
"EGY",2018,0.8834440894377961,"Index"
"EGY",2019,0.8928919736134622,"Index"
"ETH",2000,0.97544909345256,"Index"
"ETH",2001,0.9730032099531152,"Index"
"ETH",2002,0.9750743094039943,"Index"
"ETH",2003,0.9735233670264369,"Index"
"ETH",2004,0.9747932063036804,"Index"
"ETH",2005,0.9700386166876646,"Index"
"ETH",2006,0.9704903779544188,"Index"
"ETH",2007,0.9703107264501081,"Index"
"ETH",2008,0.9689832940292844,"Index"
"ETH",2009,0.9668482337845358,"Index"
"ETH",2010,0.9652784358955668,"Index"
"ETH",2011,0.9659553144916639,"Index"
"ETH",2012,0.9653545273992499,"Index"
"ETH",2013,0.9635034279549042,"Index"
"ETH",2014,0.9608906927947558,"Index"
"ETH",2015,0.9583570252736587,"Index"
"ETH",2016,0.9555724966310849,"Index"
"ETH",2017,0.9578893515947029,"Index"
"ETH",2018,0.9553542286437776,"Index"
"ETH",2019,0.9561787857584836,"Index"
"IRN",2000,0.7296082216997258,"Index"
"IRN",2001,0.7126238705824874,"Index"
"IRN",2002,0.7151932083241325,"Index"
"IRN",2003,0.696515414699717,"Index"
"IRN",2004,0.6812761399660379,"Index"
"IRN",2005,0.6739582851953487,"Index"
"IRN",2006,0.6707255387312532,"Index"
"IRN",2007,0.650775989528021,"Index"
"IRN",2008,0.671900379431451,"Index"
"IRN",2009,0.6651434322399059,"Index"
"IRN",2010,0.6470589688867294,"Index"
"IRN",2011,0.665116838377768,"Index"
"IRN",2012,0.663765335277828,"Index"
"IRN",2013,0.6697158651586517,"Index"
"IRN",2014,0.6560219136728415,"Index"
"IRN",2015,0.6767560843829944,"Index"
"IRN",2016,0.6834368229613266,"Index"
"IRN",2017,0.6706444162135589,"Index"
"IRN",2018,0.6797124667914435,"Index"
"IRN",2019,0.6556134624214467,"Index"
"IRQ",2000,0.8635642119117228,"Index"
"IRQ",2001,0.8426339566002664,"Index"
"IRQ",2002,0.8642504242488658,"Index"
"IRQ",2003,0.9024864452524806,"Index"
"IRQ",2004,0.902814119693605,"Index"
"IRQ",2005,0.9006018916687556,"Index"
"IRQ",2006,0.8903627114321226,"Index"
"IRQ",2007,0.9011586812128624,"Index"
"IRQ",2008,0.8876786571665733,"Index"
"IRQ",2009,0.8877133959688456,"Index"
"IRQ",2010,0.8756660228172756,"Index"
"IRQ",2011,0.8685691333627573,"Index"
"IRQ",2012,0.8625895996734585,"Index"
"IRQ",2013,0.8603320779161419,"Index"
"IRQ",2014,0.8793848984195859,"Index"
"IRQ",2015,0.887574570348313,"Index"
"IRQ",2016,0.8778109170420147,"Index"
"IRQ",2017,0.8641063178944941,"Index"
"IRQ",2018,0.8589591255314851,"Index"
"IRQ",2019,0.8538826028419962,"Index"
"KEN",2000,0.9124147569686591,"Index"
"KEN",2001,0.9235483869300042,"Index"
"KEN",2002,0.9320583875507358,"Index"
"KEN",2003,0.9382316250640398,"Index"
"KEN",2004,0.938213877151677,"Index"
"KEN",2005,0.9324456575247023,"Index"
"KEN",2006,0.9300351545363962,"Index"
"KEN",2007,0.9341718961587817,"Index"
"KEN",2008,0.9407065329371859,"Index"
"KEN",2009,0.9365009072371566,"Index"
"KEN",2010,0.9397239526670991,"Index"
"KEN",2011,0.9338926255078783,"Index"
"KEN",2012,0.9376307746099976,"Index"
"KEN",2013,0.9406563477716732,"Index"
"KEN",2014,0.9378451549127769,"Index"
"KEN",2015,0.9356288062053949,"Index"
"KEN",2016,0.9446271190796449,"Index"
"KEN",2017,0.9391578702340427,"Index"
"KEN",2018,0.941985620551281,"Index"
"KEN",2019,0.9452197427933294,"Index"
"MYS",2000,0.6649595005327124,"Index"
"MYS",2001,0.6713109559517677,"Index"
"MYS",2002,0.7167954115177664,"Index"
"MYS",2003,0.7636490847724449,"Index"
"MYS",2004,0.6756833960227052,"Index"
"MYS",2005,0.6698695007383836,"Index"
"MYS",2006,0.6334798465655367,"Index"
"MYS",2007,0.6078054732576215,"Index"
"MYS",2008,0.6101809012781898,"Index"
"MYS",2009,0.7264614213263776,"Index"
"MYS",2010,0.6877886632970248,"Index"
"MYS",2011,0.6928626575337996,"Index"
"MYS",2012,0.6793408141982172,"Index"
"MYS",2013,0.6531518235342263,"Index"
"MYS",2014,0.6435662602093298,"Index"
"MYS",2015,0.6529188053685668,"Index"
"MYS",2016,0.6658130552031354,"Index"
"MYS",2017,0.6558191021729103,"Index"
"MYS",2018,0.6335321595384531,"Index"
"MYS",2019,0.6411558254197338,"Index"
"NGA",2000,0.9606017769129652,"Index"
"NGA",2001,0.9534489571307797,"Index"
"NGA",2002,0.9577110270439065,"Index"
"NGA",2003,0.9475580016877053,"Index"
"NGA",2004,0.9445527282382985,"Index"
"NGA",2005,0.9420552909196456,"Index"
"NGA",2006,0.9400882305686711,"Index"
"NGA",2007,0.9463335132407358,"Index"
"NGA",2008,0.9444831675103477,"Index"
"NGA",2009,0.9482460110731719,"Index"
"NGA",2010,0.9464942759587716,"Index"
"NGA",2011,0.9513045538660411,"Index"
"NGA",2012,0.9584232898308355,"Index"
"NGA",2013,0.9590369529798463,"Index"
"NGA",2014,0.9620355244679171,"Index"
"NGA",2015,0.9677349920015961,"Index"
"NGA",2016,0.9679026940814337,"Index"
"NGA",2017,0.9714574843124958,"Index"
"NGA",2018,0.9711935204647485,"Index"
"NGA",2019,0.9710335515720601,"Index"
"PAK",2000,0.9723040669707931,"Index"
"PAK",2001,0.9782909630594557,"Index"
"PAK",2002,0.9771933896337767,"Index"
"PAK",2003,0.9775099291882333,"Index"
"PAK",2004,0.9749113916014341,"Index"
"PAK",2005,0.9697813286046169,"Index"
"PAK",2006,0.9736472218842266,"Index"
"PAK",2007,0.9697039528582346,"Index"
"PAK",2008,0.9729472024473124,"Index"
"PAK",2009,0.9747005993819717,"Index"
"PAK",2010,0.9782055902928994,"Index"
"PAK",2011,0.9777888706039166,"Index"
"PAK",2012,0.9810745071742676,"Index"
"PAK",2013,0.9809103550171745,"Index"
"PAK",2014,0.9780831762649241,"Index"
"PAK",2015,0.9785658783334115,"Index"
"PAK",2016,0.9737822917641386,"Index"
"PAK",2017,0.9675932555400424,"Index"
"PAK",2018,0.9738276955412577,"Index"
"PAK",2019,0.9783060815518047,"Index"
"PER",2000,0.8336476952963988,"Index"
"PER",2001,0.8149134593482981,"Index"
"PER",2002,0.8073281546403707,"Index"
"PER",2003,0.8209317530880896,"Index"
"PER",2004,0.8076051477391435,"Index"
"PER",2005,0.8011255002520246,"Index"
"PER",2006,0.7988984772963142,"Index"
"PER",2007,0.7732180249545514,"Index"
"PER",2008,0.7510112165856397,"Index"
"PER",2009,0.7746471233442395,"Index"
"PER",2010,0.7763208153556428,"Index"
"PER",2011,0.7484812589435125,"Index"
"PER",2012,0.7573479116596575,"Index"
"PER",2013,0.749445583929528,"Index"
"PER",2014,0.7602695280318279,"Index"
"PER",2015,0.737977432163418,"Index"
"PER",2016,0.7570562528973853,"Index"
"PER",2017,0.7480215286246108,"Index"
"PER",2018,0.7301499205698895,"Index"
"PER",2019,0.7591057231631736,"Index"
"PHL",2000,0.897587907854407,"Index"
"PHL",2001,0.9011832100962103,"Index"
"PHL",2002,0.9000756083464019,"Index"
"PHL",2003,0.9030338775009804,"Index"
"PHL",2004,0.8981954145787241,"Index"
"PHL",2005,0.8981571855836018,"Index"
"PHL",2006,0.9017258981655756,"Index"
"PHL",2007,0.8995364280279776,"Index"
"PHL",2008,0.8984747448499868,"Index"
"PHL",2009,0.9081991188310324,"Index"
"PHL",2010,0.8975343369093078,"Index"
"PHL",2011,0.9046341316483862,"Index"
"PHL",2012,0.9044714266265238,"Index"
"PHL",2013,0.9122717144025256,"Index"
"PHL",2014,0.9015169677921272,"Index"
"PHL",2015,0.896080145062227,"Index"
"PHL",2016,0.8960205909889973,"Index"
"PHL",2017,0.894906618719257,"Index"
"PHL",2018,0.8888233313445011,"Index"
"PHL",2019,0.888793940167506,"Index"
"ROU",2000,0.818149518653193,"Index"
"ROU",2001,0.7763373779373345,"Index"
"ROU",2002,0.7846688799721653,"Index"
"ROU",2003,0.7517793118152408,"Index"
"ROU",2004,0.710715969562531,"Index"
"ROU",2005,0.7077088409099644,"Index"
"ROU",2006,0.7142304171321677,"Index"
"ROU",2007,0.7164797080368583,"Index"
"ROU",2008,0.6706499398175115,"Index"
"ROU",2009,0.7541313518585666,"Index"
"ROU",2010,0.7619471284536817,"Index"
"ROU",2011,0.7341810673267346,"Index"
"ROU",2012,0.7587509263044022,"Index"
"ROU",2013,0.7596881447963355,"Index"
"ROU",2014,0.7433035019093946,"Index"
"ROU",2015,0.737442340476449,"Index"
"ROU",2016,0.7281920759791274,"Index"
"ROU",2017,0.6649495935349621,"Index"
"ROU",2018,0.6286615398442846,"Index"
"ROU",2019,0.6423983126893539,"Index"
"THA",2000,0.8305409773325769,"Index"
"THA",2001,0.809154600487983,"Index"
"THA",2002,0.799904297829965,"Index"
"THA",2003,0.7813775236771348,"Index"
"THA",2004,0.7752042184612009,"Index"
"THA",2005,0.7746232483366043,"Index"
"THA",2006,0.766520369850541,"Index"
"THA",2007,0.7679629639910266,"Index"
"THA",2008,0.7678346499057749,"Index"
"THA",2009,0.8091288368942119,"Index"
"THA",2010,0.7701380850210079,"Index"
"THA",2011,0.7673595387992526,"Index"
"THA",2012,0.7191160553082757,"Index"
"THA",2013,0.7418665105231561,"Index"
"THA",2014,0.7702336328126983,"Index"
"THA",2015,0.7891434561881712,"Index"
"THA",2016,0.7708620698020012,"Index"
"THA",2017,0.773602136021893,"Index"
"THA",2018,0.7726502944988798,"Index"
"THA",2019,0.7630920806915484,"Index"
"VEN",2000,0.6670787901243995,"Index"
"VEN",2001,0.6454205418637451,"Index"
"VEN",2002,0.7038055655440705,"Index"
"VEN",2003,0.7233475921325377,"Index"
"VEN",2004,0.7300918239523085,"Index"
"VEN",2005,0.7208324325744697,"Index"
"VEN",2006,0.7231686373848264,"Index"
"VEN",2007,0.6712579948536289,"Index"
"VEN",2008,0.662064263101351,"Index"
"VEN",2009,0.6777626234069206,"Index"
"VEN",2010,0.6958590058779267,"Index"
"VEN",2011,0.726478001301706,"Index"
"VEN",2012,0.7232964933672381,"Index"
"VEN",2013,0.7250512721624935,"Index"
"VEN",2014,0.738005955781779,"Index"
"VEN",2015,0.7849105652319992,"Index"
"VEN",2016,0.81789737559037,"Index"
"VEN",2017,0.8220996967825464,"Index"
"VEN",2018,0.8336313368911943,"Index"
"VEN",2019,0.8489634534712377,"Index"
"VNM",2000,0.9569291892017875,"Index"
"VNM",2001,0.9463220790329484,"Index"
"VNM",2002,0.9392872929403071,"Index"
"VNM",2003,0.9381851807229019,"Index"
"VNM",2004,0.922990731697506,"Index"
"VNM",2005,0.9205863445806548,"Index"
"VNM",2006,0.915866946640506,"Index"
"VNM",2007,0.8955793057136702,"Index"
"VNM",2008,0.8755580634256065,"Index"
"VNM",2009,0.8654114273703425,"Index"
"VNM",2010,0.8387738672312328,"Index"
"VNM",2011,0.8404335495795253,"Index"
"VNM",2012,0.8545232126436145,"Index"
"VNM",2013,0.8477847499146852,"Index"
"VNM",2014,0.8440011174900701,"Index"
"VNM",2015,0.821194988576325,"Index"
"VNM",2016,0.8015835247148788,"Index"
"VNM",2017,0.7915928979567776,"Index"
"VNM",2018,0.7675738835256061,"Index"
"VNM",2019,0.7460840048362587,"Index"
